fold,date,competition,team_a,team_b,outcome,weight,train_end,uniform_p_a,uniform_p_d,uniform_p_b,elo_fixed_p_a,elo_fixed_p_d,elo_fixed_p_b,elo_tuned_p_a,elo_tuned_p_d,elo_tuned_p_b,elo_calibrated_p_a,elo_calibrated_p_d,elo_calibrated_p_b,poisson_tuned_p_a,poisson_tuned_p_d,poisson_tuned_p_b,poisson_calibrated_p_a,poisson_calibrated_p_d,poisson_calibrated_p_b,stack_p_a,stack_p_d,stack_p_b
1,2025-03-20,FRIENDLY,PAR,CHI,A,0.6,2024-11-20,0.3333333333333333,0.3333333333333333,0.3333333333333333,0.4188306684798944,0.25058027352450013,0.3305890579956054,0.39025218557006586,0.28679033718115376,0.3229574772487804,0.3709463189277181,0.3020813031560654,0.3269723779162165,0.40967253944657916,0.28535886528078874,0.3049685952726321,0.38355819317347856,0.3013937724173012,0.3150480344092202,0.38355819317347856,0.3013937724173012,0.3150480344092202
1,2025-03-21,FRIENDLY,BRA,COL,A,0.6,2024-11-20,0.3333333333333333,0.3333333333333333,0.3333333333333333,0.3564533698824376,0.2567321485369314,0.38681448158063103,0.34077340083592833,0.29542409138168413,0.3638025077823876,0.3385529840127055,0.3078081580493088,0.35363885793798566,0.3382156842160083,0.2871819796339662,0.3746023361500256,0.33701981775764484,0.3022022779972814,0.3607779042450736,0.3370198177576449,0.30220227799728144,0.36077790424507367
1,2025-03-21,FRIENDLY,URU,ARG,B,0.6,2024-11-20,0.3333333333333333,0.3333333333333333,0.3333333333333333,0.3648617435130341,0.2587567041615566,0.3763815523254094,0.34650784962684605,0.29825933537296556,0.3552328150001884,0.3422794761419949,0.30971923000960905,0.34800129384839606,0.34937882575648616,0.28739576477578094,0.3632254094677329,0.34433226247500703,0.30229681501047806,0.35337092251451485,0.3443322624750071,0.3022968150104781,0.3533709225145149
1,2025-03-25,FRIENDLY,JPN,KSA,D,0.6,2024-11-20,0.3333333333333333,0.3333333333333333,0.3333333333333333,0.39358878196309677,0.25542285987515484,0.35098835816174834,0.36937831539006044,0.2935894838196214,0.3370322007903182,0.35729804008817906,0.306579680064655,0.3361222798471659,0.38200595289318146,0.2869416645619536,0.3310523825448649,0.36559134216063877,0.3020959414847713,0.33231271635458987,0.36559134216063877,0.3020959414847713,0.33231271635458987
1,2025-03-25,FRIENDLY,KOR,JOR,D,0.6,2024-11-20,0.3333333333333333,0.3333333333333333,0.3333333333333333,0.4045394016803005,0.2533151019429093,0.3421454963767902,0.3784134945640053,0.2906332820560943,0.3309532233799004,0.3632144943075233,0.30461339125769565,0.3321721144347811,0.3939957162716599,0.2863867491102497,0.31961753461809045,0.37337944971341525,0.3018501234089938,0.324770426877591,0.37337944971341525,0.3018501234089938,0.324770426877591
1,2025-03-26,FRIENDLY,ARG,BRA,A,0.6,2024-11-20,0.3333333333333333,0.3333333333333333,0.3333333333333333,0.3954920581427929,0.2550557515727602,0.3494521902844468,0.3709466503066154,0.29307487531669874,0.3359784743766859,0.3583261249628819,0.3062362254188382,0.3354376496182799,0.3840880450178832,0.28685991220970497,0.3290520427724119,0.36694429947761054,0.30205975068099816,0.3309959498413913,0.36694429947761054,0.30205975068099816,0.3309959498413913
1,2025-03-26,FRIENDLY,CHI,ECU,D,0.6,2024-11-20,0.3333333333333333,0.3333333333333333,0.3333333333333333,0.30770013507221095,0.24522764265613428,0.4470722222716548,0.3069259038879973,0.2792330687868748,0.4138410273251279,0.3165164266479616,0.2971792332907976,0.38630434006124087,0.27696122278743873,0.28234970866962444,0.44068906854293693,0.2962203728796649,0.300050145453269,0.403729481667066,0.2962203728796649,0.300050145453269,0.403729481667066
1,2025-03-26,FRIENDLY,COL,PAR,D,0.6,2024-11-20,0.3333333333333333,0.3333333333333333,0.3333333333333333,0.36266797085598257,0.2582272997019755,0.37910472944204193,0.3450141467997886,0.2975180733284708,0.3574677798717406,0.3413086386210708,0.309218104629796,0.3494732567491331,0.34644987948215383,0.2873583830091736,0.3661917375086726,0.3424161110926374,0.30228028867410106,0.3553036002332614,0.3424161110926374,0.30228028867410106,0.3553036002332614
1,2025-06-05,FRIENDLY,AUS,JPN,A,0.6,2024-11-20,0.3333333333333333,0.3333333333333333,0.3333333333333333,0.36133121906051047,0.2579051265822998,0.38076365435718973,0.34410314714685064,0.2970669358330812,0.3588299170200682,0.3407165994913226,0.30891363220582807,0.3503697683028495,0.34467083144529254,0.28732921284141383,0.3679999557132937,0.3412514174012205,0.3022673914490689,0.3564811911497106,0.3412514174012205,0.3022673914490689,0.3564811911497106
1,2025-06-05,FRIENDLY,IRQ,KOR,B,0.6,2024-11-20,0.3333333333333333,0.3333333333333333,0.3333333333333333,0.3426266175095791,0.25342944098084375,0.40394394150957713,0.33128481129982146,0.2907937538087222,0.37792143489145635,0.33238762805607164,0.3047197122838557,0.3628926596600727,0.3202346802066962,0.2864221602901434,0.39334315950316046,0.32517846311176474,0.30186582142427987,0.37295571546395534,0.32517846311176474,0.30186582142427987,0.37295571546395534
1,2025-06-05,FRIENDLY,QAT,IRN,A,0.6,2024-11-20,0.3333333333333333,0.3333333333333333,0.3333333333333333,0.35089237264324297,0.25539990977723703,0.39370771757952,0.336966387603236,0.29355731555668263,0.3694762968400815,0.3360795200235529,0.30655819615234015,0.3573622838241071,0.33092722355505105,0.28693673807771347,0.3821360383672354,0.33223035862360556,0.30209376082371486,0.3656758805526796,0.33223035862360556,0.30209376082371486,0.3656758805526796
1,2025-06-06,FRIENDLY,CHI,ARG,B,0.6,2024-11-20,0.3333333333333333,0.3333333333333333,0.3333333333333333,0.2869277374470033,0.24044090341048271,0.47263135914251403,0.29211608778642445,0.2724166854008476,0.4354672268127279,0.3067965175241404,0.292843717541707,0.4003597649341526,0.2527257439805221,0.278558452085512,0.468715803933966,0.27959848296543566,0.2983408448248054,0.42206067220975896,0.27959848296543566,0.2983408448248054,0.42206067220975896
1,2025-06-06,FRIENDLY,COL,PER,D,0.6,2024-11-20,0.3333333333333333,0.3333333333333333,0.3333333333333333,0.4276341903880768,0.24890444022515235,0.32346136938677084,0.3975754314739272,0.2844301194840263,0.3179944490420465,0.3757197975673201,0.3005394192547962,0.3237407831778837,0.41933952575120353,0.2845580514265854,0.29610242282221105,0.3898375003580751,0.3010373156504881,0.3091251839914368,0.3898375003580751,0.3010373156504881,0.3091251839914368
1,2025-06-06,FRIENDLY,ECU,BRA,D,0.6,2024-11-20,0.3333333333333333,0.3333333333333333,0.3333333333333333,0.3876458208850347,0.25657124998180697,0.3557829291331584,0.3644862570518997,0.29519869118076875,0.3403150517673316,0.35408793230978497,0.3076568852956155,0.3382551823945995,0.37551026660033016,0.28715676468364065,0.33733296871602914,0.36136843361344945,0.30219112405851484,0.3364404423280357,0.36136843361344945,0.30219112405851484,0.3364404423280357
1,2025-06-06,FRIENDLY,NOR,ITA,A,0.6,2024-11-20,0.3333333333333333,0.3333333333333333,0.3333333333333333,0.37,0.26,0.37,0.35,0.30000000000000004,0.35,0.34454991635447785,0.31090016729104414,0.34454991635447785,0.35628402113498997,0.2874319577300201,0.3562840211349899,0.34884359293768635,0.30231281412462746,0.3488435929376863,0.34884359293768635,0.30231281412462746,0.3488435929376863
1,2025-06-06,FRIENDLY,PAR,URU,A,0.6,2024-11-20,0.3333333333333333,0.3333333333333333,0.3333333333333333,0.3751984664272371,0.2589869167187522,0.36581461685401073,0.35426221630796956,0.2985816561109004,0.34715612758113007,0.347361660436571,0.30993746287185636,0.3427008766915727,0.3619374553165261,0.2874079267806181,0.35065461790285585,0.35253141155071577,0.3023021914123983,0.34516639703688595,0.35253141155071577,0.3023021914123983,0.34516639703688595
1,2025-06-07,FRIENDLY,FIN,NED,B,0.6,2024-11-20,0.3333333333333333,0.3333333333333333,0.3333333333333333,0.37,0.26,0.37,0.35,0.30000000000000004,0.35,0.34454991635447785,0.31090016729104414,0.34454991635447785,0.35628402113498997,0.2874319577300201,0.3562840211349899,0.34884359293768635,0.30231281412462746,0.3488435929376863,0.34884359293768635,0.30231281412462746,0.3488435929376863
1,2025-06-09,FRIENDLY,BEL,WAL,A,0.6,2024-11-20,0.3333333333333333,0.3333333333333333,0.3333333333333333,0.37,0.26,0.37,0.35,0.30000000000000004,0.35,0.34454991635447785,0.31090016729104414,0.34454991635447785,0.35628402113498997,0.2874319577300201,0.3562840211349899,0.34884359293768635,0.30231281412462746,0.3488435929376863,0.34884359293768635,0.30231281412462746,0.3488435929376863
1,2025-06-09,FRIENDLY,CRO,CZE,A,0.6,2024-11-20,0.3333333333333333,0.3333333333333333,0.3333333333333333,0.37,0.26,0.37,0.35,0.30000000000000004,0.35,0.34454991635447785,0.31090016729104414,0.34454991635447785,0.35628402113498997,0.2874319577300201,0.3562840211349899,0.34884359293768635,0.30231281412462746,0.3488435929376863,0.34884359293768635,0.30231281412462746,0.3488435929376863
1,2025-06-10,FRIENDLY,FIN,POL,A,0.6,2024-11-20,0.3333333333333333,0.3333333333333333,0.3333333333333333,0.36047133987952473,0.25769805053344025,0.38183060958703513,0.3435168007453809,0.2967769504590183,0.3597062487956008,0.340335568860635,0.3087181267945783,0.3509463043447867,0.3435287184573363,0.2873078992425758,0.36916338230008783,0.34050336828859445,0.3022579672397003,0.3572386644717053,0.34050336828859445,0.3022579672397003,0.3572386644717053
1,2025-06-10,FRIENDLY,JOR,IRQ,B,0.6,2024-11-20,0.3333333333333333,0.3333333333333333,0.3333333333333333,0.38218634579047894,0.2576290319063712,0.36018462230314985,0.3599984746460298,0.2966802946933744,0.3433212306605958,0.35113851844109334,0.3086529980635531,0.34020848349535343,0.36955136032118924,0.2873003495514152,0.3431482901273956,0.357491231940691,0.3022546288661725,0.3402541391931365,0.357491231940691,0.3022546288661725,0.3402541391931365
1,2025-06-10,FRIENDLY,KSA,AUS,B,0.6,2024-11-20,0.3333333333333333,0.3333333333333333,0.3333333333333333,0.35098835816174834,0.25542285987515484,0.3935887819630968,0.3370322007903182,0.29358948381962147,0.3693783153900604,0.3361222798471659,0.3065796800646551,0.35729804008817906,0.33105238254486485,0.28694166456195364,0.3820059528931815,0.3323127163545898,0.30209594148477137,0.3655913421606388,0.3323127163545898,0.30209594148477137,0.3655913421606388
1,2025-06-11,FRIENDLY,ARG,COL,D,0.6,2024-11-20,0.3333333333333333,0.3333333333333333,0.3333333333333333,0.42501834084778284,0.2494016945639875,0.32557996458822963,0.3953968055071966,0.2851309328751756,0.31947226161762776,0.3743003492638636,0.3009962037548862,0.3247034469812502,0.4164666302881735,0.28480917404813116,0.2987241956636953,0.3879709222023231,0.30114918168564214,0.31087989611203476,0.3879709222023231,0.30114918168564214,0.31087989611203476
1,2025-06-11,FRIENDLY,BRA,PAR,A,0.6,2024-11-20,0.3333333333333333,0.3333333333333333,0.3333333333333333,0.35108434025744256,0.25544581072895056,0.393469849013607,0.3370980079735625,0.2936216527608931,0.3692803392655445,0.3361650357159966,0.3066011663665274,0.35723379791747595,0.3311775597450872,0.2869465666180404,0.3818758736368724,0.33239508199562257,0.30209811130296416,0.3655068067014132,0.3323950819956226,0.3020981113029642,0.3655068067014133
1,2025-06-11,FRIENDLY,PER,ECU,D,0.6,2024-11-20,0.3333333333333333,0.3333333333333333,0.3333333333333333,0.31384201869475403,0.24665574563007558,0.43950223567517044,0.3112552240458839,0.28125506319411453,0.40748971276000157,0.31934545486122323,0.29848089581760306,0.38217364932117365,0.28434369518727026,0.28328074810343706,0.4323755567092928,0.3012182451912135,0.30046709115320125,0.3983146636555853,0.3012182451912135,0.30046709115320125,0.3983146636555853
1,2025-09-04,WC_QUALIFIER,NED,POL,D,0.85,2024-11-20,0.3333333333333333,0.3333333333333333,0.3333333333333333,0.3940645402287482,0.25533106405639727,0.3506043957148545,0.3697702730352361,0.29346081487175635,0.3367689120930076,0.35755502438315007,0.306493758770467,0.33595121684638296,0.38252633177848655,0.28692181209627843,0.33055185612523513,0.36592951319496214,0.30208715379664874,0.33198333300838917,0.36592951319496214,0.30208715379664874,0.33198333300838917
2,2025-09-05,WC_QUALIFIER,BRA,CHI,A,0.85,2025-09-04,0.3333333333333333,0.3333333333333333,0.3333333333333333,0.4470722222716548,0.24522764265613428,0.30770013507221095,0.41703605330773175,0.28955880545602286,0.2934051412362454,0.38832796362483835,0.3044907577477837,0.30718127862737793,0.4406890685429369,0.28234970866962433,0.27696122278743873,0.40372948166706607,0.300050145453269,0.296220372879665,0.40372948166706596,0.30005014545326897,0.29622037287966496
2,2025-09-05,WC_QUALIFIER,DEN,SCO,D,0.85,2025-09-04,0.3333333333333333,0.3333333333333333,0.3333333333333333,0.37,0.26,0.37,0.35000000000000003,0.30000000000000004,0.35000000000000003,0.3445499163544779,0.31090016729104414,0.3445499163544779,0.35628402113498997,0.2874319577300201,0.3562840211349899,0.34884359293768635,0.30231281412462746,0.3488435929376863,0.34884359293768635,0.30231281412462746,0.3488435929376863
2,2025-09-05,WC_QUALIFIER,PAR,ECU,D,0.85,2025-09-04,0.3333333333333333,0.3333333333333333,0.3333333333333333,0.3669572805962539,0.2592631936046437,0.37377952579910245,0.34722387747044386,0.29947989968872973,0.3532962228408264,0.3427337614363187,0.31054815368659,0.34671808487709127,0.35218737933984273,0.28741924635360444,0.36039337430655277,0.3461681542303322,0.30230719523935007,0.35152465053031773,0.3461681542303322,0.30230719523935007,0.35152465053031773
2,2025-09-05,WC_QUALIFIER,UKR,FRA,B,0.85,2025-09-04,0.3333333333333333,0.3333333333333333,0.3333333333333333,0.37,0.26,0.37,0.35000000000000003,0.30000000000000004,0.35000000000000003,0.3445499163544779,0.31090016729104414,0.3445499163544779,0.35628402113498997,0.2874319577300201,0.3562840211349899,0.34884359293768635,0.30231281412462746,0.3488435929376863,0.34884359293768635,0.30231281412462746,0.3488435929376863
2,2025-09-05,WC_QUALIFIER,URU,PER,A,0.85,2025-09-04,0.3333333333333333,0.3333333333333333,0.3333333333333333,0.4156159271511907,0.2511939012571683,0.33319017159164105,0.3897089461792557,0.29378105491637174,0.31650999890437265,0.3705358376586034,0.30691573812456213,0.32254842421683455,0.4061439759479752,0.28561966282582496,0.30823636122619985,0.3812669924034887,0.30150968428013225,0.31722332331637904,0.3812669924034887,0.30150968428013225,0.31722332331637904
2,2025-09-06,WC_QUALIFIER,IRL,HUN,D,0.85,2025-09-04,0.3333333333333333,0.3333333333333333,0.3333333333333333,0.37,0.26,0.37,0.35000000000000003,0.30000000000000004,0.35000000000000003,0.3445499163544779,0.31090016729104414,0.3445499163544779,0.35628402113498997,0.2874319577300201,0.3562840211349899,0.34884359293768635,0.30231281412462746,0.3488435929376863,0.34884359293768635,0.30231281412462746,0.3488435929376863
2,2025-09-07,WC_QUALIFIER,POL,FIN,A,0.85,2025-09-04,0.3333333333333333,0.3333333333333333,0.3333333333333333,0.36047133987952473,0.25769805053344025,0.38183060958703513,0.3413115601032233,0.29837504327615805,0.3603133966206186,0.3388625643727895,0.3098117782229732,0.35132565740423727,0.3435287184573363,0.2873078992425758,0.36916338230008783,0.34050336828859445,0.3022579672397003,0.3572386644717053,0.34050336828859445,0.3022579672397003,0.3572386644717053
2,2025-09-07,WC_QUALIFIER,TUR,ESP,B,0.85,2025-09-04,0.3333333333333333,0.3333333333333333,0.3333333333333333,0.37,0.26,0.37,0.35000000000000003,0.30000000000000004,0.35000000000000003,0.3445499163544779,0.31090016729104414,0.3445499163544779,0.35628402113498997,0.2874319577300201,0.3562840211349899,0.34884359293768635,0.30231281412462746,0.3488435929376863,0.34884359293768635,0.30231281412462746,0.3488435929376863
2,2025-09-08,WC_QUALIFIER,GRE,DEN,B,0.85,2025-09-04,0.3333333333333333,0.3333333333333333,0.3333333333333333,0.37,0.26,0.37,0.35000000000000003,0.30000000000000004,0.35000000000000003,0.3445499163544779,0.31090016729104414,0.3445499163544779,0.35628402113498997,0.2874319577300201,0.3562840211349899,0.34884359293768635,0.30231281412462746,0.3488435929376863,0.34884359293768635,0.30231281412462746,0.3488435929376863
2,2025-09-09,WC_QUALIFIER,BIH,AUT,B,0.85,2025-09-04,0.3333333333333333,0.3333333333333333,0.3333333333333333,0.37,0.26,0.37,0.35000000000000003,0.30000000000000004,0.35000000000000003,0.3445499163544779,0.31090016729104414,0.3445499163544779,0.35628402113498997,0.2874319577300201,0.3562840211349899,0.34884359293768635,0.30231281412462746,0.3488435929376863,0.34884359293768635,0.30231281412462746,0.3488435929376863
2,2025-09-09,WC_QUALIFIER,CPV,CMR,A,0.85,2025-09-04,0.3333333333333333,0.3333333333333333,0.3333333333333333,0.35089237264324297,0.25539990977723703,0.39370771757952,0.3325919448927816,0.2967524685123393,0.3706555865948791,0.33314275448856034,0.30875839967539115,0.3580988458360486,0.33092722355505105,0.28693673807771347,0.3821360383672354,0.33223035862360556,0.30209376082371486,0.3656758805526796,0.33223035862360556,0.30209376082371486,0.3656758805526796
2,2025-09-09,WC_QUALIFIER,FRA,ISL,A,0.85,2025-09-04,0.3333333333333333,0.3333333333333333,0.3333333333333333,0.3818306095870352,0.2576980505334402,0.3604713398795246,0.3603133966206186,0.29837504327615805,0.34131156010322333,0.35132565740423727,0.3098117782229732,0.33886256437278955,0.36916338230008783,0.2873078992425758,0.3435287184573363,0.3572386644717053,0.3022579672397003,0.34050336828859445,0.3572386644717053,0.3022579672397003,0.34050336828859445
2,2025-09-09,WC_QUALIFIER,HUN,POR,B,0.85,2025-09-04,0.3333333333333333,0.3333333333333333,0.3333333333333333,0.37,0.26,0.37,0.35000000000000003,0.30000000000000004,0.35000000000000003,0.3445499163544779,0.31090016729104414,0.3445499163544779,0.35628402113498997,0.2874319577300201,0.3562840211349899,0.34884359293768635,0.30231281412462746,0.3488435929376863,0.34884359293768635,0.30231281412462746,0.3488435929376863
2,2025-09-09,WC_QUALIFIER,RSA,NGA,D,0.85,2025-09-04,0.3333333333333333,0.3333333333333333,0.3333333333333333,0.37,0.26,0.37,0.35000000000000003,0.30000000000000004,0.35000000000000003,0.3445499163544779,0.31090016729104414,0.3445499163544779,0.35628402113498997,0.2874319577300201,0.3562840211349899,0.34884359293768635,0.30231281412462746,0.3488435929376863,0.34884359293768635,0.30231281412462746,0.3488435929376863
2,2025-09-09,WC_QUALIFIER,SRB,ENG,B,0.85,2025-09-04,0.3333333333333333,0.3333333333333333,0.3333333333333333,0.37,0.26,0.37,0.35000000000000003,0.30000000000000004,0.35000000000000003,0.3445499163544779,0.31090016729104414,0.3445499163544779,0.35628402113498997,0.2874319577300201,0.3562840211349899,0.34884359293768635,0.30231281412462746,0.3488435929376863,0.34884359293768635,0.30231281412462746,0.3488435929376863
2,2025-09-10,WC_QUALIFIER,CHI,URU,D,0.85,2025-09-04,0.3333333333333333,0.3333333333333333,0.3333333333333333,0.3056881959736312,0.24476111365574849,0.4495506903706203,0.29158318425661367,0.2892281482816194,0.41918866746176686,0.30596021103270404,0.3043105485822287,0.38972924038506723,0.2745642759023068,0.28202549816134537,0.4434102259363479,0.2945916065544539,0.2999046957405399,0.4055036977050063,0.2945916065544538,0.29990469574053985,0.4055036977050062
2,2025-09-10,WC_QUALIFIER,ECU,ARG,A,0.85,2025-09-04,0.3333333333333333,0.3333333333333333,0.3333333333333333,0.337620911551433,0.2522417223045885,0.4101373661439786,0.32053177975565506,0.2945216037440866,0.38494661650025835,0.32520435157281596,0.30736451191269276,0.36743113651449116,0.3138420956691393,0.2860246854118852,0.40013321891897546,0.32094604009796535,0.3016895282781492,0.37736443162388533,0.3209460400979654,0.30168952827814927,0.3773644316238854
2,2025-09-10,WC_QUALIFIER,PER,PAR,B,0.85,2025-09-04,0.3333333333333333,0.3333333333333333,0.3333333333333333,0.31144116535570526,0.246096796259344,0.44246203838495074,0.2967934168344026,0.2901746068298081,0.4130319763357894,0.30944811034760644,0.3048301564820311,0.3857217331703625,0.28144621401771414,0.2829273930159043,0.43562639296638156,0.29925994528049477,0.3003089785445407,0.4004310761749645,0.29925994528049477,0.3003089785445407,0.4004310761749645
2,2025-10-09,WC_QUALIFIER,CZE,CRO,D,0.85,2025-09-04,0.3333333333333333,0.3333333333333333,0.3333333333333333,0.35089237264324297,0.25539990977723703,0.39370771757952,0.3325919448927816,0.2967524685123393,0.3706555865948791,0.33314275448856034,0.30875839967539115,0.3580988458360486,0.33092722355505105,0.28693673807771347,0.3821360383672354,0.33223035862360556,0.30209376082371486,0.3656758805526796,0.33223035862360556,0.30209376082371486,0.3656758805526796
2,2025-10-09,WC_QUALIFIER,SCO,GRE,A,0.85,2025-09-04,0.3333333333333333,0.3333333333333333,0.3333333333333333,0.3818306095870352,0.2576980505334402,0.3604713398795246,0.3603133966206186,0.29837504327615805,0.34131156010322333,0.35132565740423727,0.3098117782229732,0.33886256437278955,0.36916338230008783,0.2873078992425758,0.3435287184573363,0.3572386644717053,0.3022579672397003,0.34050336828859445,0.3572386644717053,0.3022579672397003,0.34050336828859445
2,2025-10-10,WC_QUALIFIER,ISL,UKR,B,0.85,2025-09-04,0.3333333333333333,0.3333333333333333,0.3333333333333333,0.3703540521932259,0.25993092246437777,0.3697150253423963,0.35030883704015253,0.2999512393852358,0.34973992357461164,0.344753171424808,0.31086701883844425,0.34437980973674776,0.3566687484063486,0.28743184600119404,0.3558994055924575,0.3490947097660016,0.3023127647373438,0.3485925254966546,0.3490947097660016,0.3023127647373438,0.3485925254966546
2,2025-10-10,WC_QUALIFIER,SWE,SUI,B,0.85,2025-09-04,0.3333333333333333,0.3333333333333333,0.3333333333333333,0.37,0.26,0.37,0.35000000000000003,0.30000000000000004,0.35000000000000003,0.3445499163544779,0.31090016729104414,0.3445499163544779,0.35628402113498997,0.2874319577300201,0.3562840211349899,0.34884359293768635,0.30231281412462746,0.3488435929376863,0.34884359293768635,0.30231281412462746,0.3488435929376863
2,2025-10-11,WC_QUALIFIER,POR,IRL,A,0.85,2025-09-04,0.3333333333333333,0.3333333333333333,0.3333333333333333,0.3818306095870352,0.2576980505334402,0.3604713398795246,0.3603133966206186,0.29837504327615805,0.34131156010322333,0.35132565740423727,0.3098117782229732,0.33886256437278955,0.36916338230008783,0.2873078992425758,0.3435287184573363,0.3572386644717053,0.3022579672397003,0.34050336828859445,0.3572386644717053,0.3022579672397003,0.34050336828859445
2,2025-10-12,WC_QUALIFIER,DEN,GRE,A,0.85,2025-09-04,0.3333333333333333,0.3333333333333333,0.3333333333333333,0.40525398027719667,0.2531779314331456,0.34156808828965773,0.38070047169516097,0.2951830869057087,0.3241164413991303,0.3646610217560437,0.3077712496858743,0.3275677285580819,0.3947788924862378,0.2863434644842051,0.318877643029557,0.3738879875428428,0.30183093291637236,0.3242810795407847,0.37388798754284286,0.3018309329163724,0.3242810795407848
2,2025-10-12,WC_QUALIFIER,NED,FIN,A,0.85,2025-09-04,0.3333333333333333,0.3333333333333333,0.3333333333333333,0.3929941442881902,0.2555376216275952,0.3514682340842146,0.3700345231915046,0.29684971253699866,0.33311576427149675,0.3576926302192808,0.30882059190603917,0.33348677787468006,0.38135561942368007,0.28696593048132235,0.33167845009499763,0.3651686944540496,0.3021066821208184,0.332724623425132,0.3651686944540496,0.3021066821208184,0.332724623425132
2,2025-10-13,WC_QUALIFIER,ISL,FRA,D,0.85,2025-09-04,0.3333333333333333,0.3333333333333333,0.3333333333333333,0.33222680966965096,0.2509665054115511,0.41680668491879797,0.3156358226278274,0.293620311164036,0.3907438662081366,0.32197048415787394,0.3068192465198341,0.371210269322292,0.3070240932334642,0.285525048883403,0.40745085788313296,0.3164167997599065,0.3014676428269826,0.38211555741311093,0.3164167997599065,0.3014676428269826,0.38211555741311093
2,2025-10-13,WC_QUALIFIER,WAL,BEL,B,0.85,2025-09-04,0.3333333333333333,0.3333333333333333,0.3333333333333333,0.35089237264324297,0.25539990977723703,0.39370771757952,0.3325919448927816,0.2967524685123393,0.3706555865948791,0.33314275448856034,0.30875839967539115,0.3580988458360486,0.33092722355505105,0.28693673807771347,0.3821360383672354,0.33223035862360556,0.30209376082371486,0.3656758805526796,0.33223035862360556,0.30209376082371486,0.3656758805526796
2,2025-10-14,WC_QUALIFIER,KSA,IRQ,D,0.85,2025-09-04,0.3333333333333333,0.3333333333333333,0.3333333333333333,0.3599934522998871,0.2575830214444243,0.38242352625568854,0.3408762121804139,0.2982938382027004,0.36082994961688564,0.3385773082510181,0.3097582670322141,0.35166442471676773,0.342894748587881,0.28729519281613125,0.3698100585959878,0.3400880202495529,0.3022523485853783,0.3576596311650687,0.340088020249553,0.30225234858537836,0.35765963116506877
2,2025-10-14,WC_QUALIFIER,POR,HUN,D,0.85,2025-09-04,0.3333333333333333,0.3333333333333333,0.3333333333333333,0.40525398027719667,0.2531779314331456,0.34156808828965773,0.38070047169516097,0.2951830869057087,0.3241164413991303,0.3646610217560437,0.3077712496858743,0.3275677285580819,0.3947788924862378,0.2863434644842051,0.318877643029557,0.3738879875428428,0.30183093291637236,0.3242810795407847,0.37388798754284286,0.3018309329163724,0.3242810795407848
3,2025-11-13,WC_QUALIFIER,ENG,SRB,A,0.85,2025-10-14,0.3333333333333333,0.3333333333333333,0.3333333333333333,0.39370771757952,0.25539990977723703,0.35089237264324297,0.3533410540020809,0.34,0.30665894599791904,0.3466772664682446,0.3378951110519816,0.31542762247977374,0.3821360383672354,0.28693673807771347,0.33092722355505116,0.3756762071624147,0.2928276556450312,0.33149613719255405,0.3756762071624147,0.2928276556450312,0.33149613719255405
3,2025-11-13,WC_QUALIFIER,FRA,UKR,A,0.85,2025-10-14,0.3333333333333333,0.3333333333333333,0.3333333333333333,0.39204286897764157,0.2557212785618568,0.35223585246050165,0.3517120769206554,0.34,0.3082879230793445,0.34559375705069084,0.3378783094210252,0.31652793352828396,0.3803154190919798,0.2870034844619735,0.3326810964460467,0.3741082779229957,0.2928782281709106,0.3330134939060937,0.3741082779229957,0.2928782281709106,0.3330134939060937
3,2025-11-13,WC_QUALIFIER,IRL,POR,A,0.85,2025-10-14,0.3333333333333333,0.3333333333333333,0.3333333333333333,0.3426266175095791,0.25342944098084375,0.40394394150957713,0.2966803892815512,0.34,0.3633196107184487,0.3086658034387565,0.33802480321511624,0.3533093933461272,0.3202346802066962,0.2864221602901434,0.39334315950316046,0.32223587602747134,0.2924376205855185,0.3853265033870103,0.3222358760274713,0.2924376205855184,0.3853265033870102
3,2025-11-14,WC_QUALIFIER,POL,NED,D,0.85,2025-10-14,0.3333333333333333,0.3333333333333333,0.3333333333333333,0.3525236498114058,0.25579016167955937,0.3916861885090348,0.308637130644905,0.34,0.3513628693550949,0.31676368833716956,0.33787486669835515,0.34536144496447524,0.333057384095986,0.2870171634136672,0.37992545249034676,0.333338983839052,0.29288859191785893,0.373772424243089,0.3333389838390521,0.292888591917859,0.37377242424308904
3,2025-11-15,WC_QUALIFIER,GRE,SCO,A,0.85,2025-10-14,0.3333333333333333,0.3333333333333333,0.3333333333333333,0.3329975015836896,0.2511484104410757,0.41585408797523465,0.28515555952090227,0.34,0.37484444047909765,0.3008041297556929,0.33823237642221105,0.3609634938220962,0.30799372248370216,0.2856009266873919,0.40640535082890594,0.3116113927359783,0.2918146028320543,0.39657400443196744,0.3116113927359783,0.2918146028320543,0.39657400443196744
3,2025-11-15,WC_QUALIFIER,SUI,SWE,A,0.85,2025-10-14,0.3333333333333333,0.3333333333333333,0.3333333333333333,0.39370771757952,0.25539990977723703,0.35089237264324297,0.3533410540020809,0.34,0.30665894599791904,0.3466772664682446,0.3378951110519816,0.31542762247977374,0.3821360383672354,0.28693673807771347,0.33092722355505116,0.3756762071624147,0.2928276556450312,0.33149613719255405,0.3756762071624147,0.2928276556450312,0.33149613719255405
3,2025-11-16,WC_QUALIFIER,HUN,IRL,B,0.85,2025-10-14,0.3333333333333333,0.3333333333333333,0.3333333333333333,0.360280199835209,0.2576520377279762,0.38206776243681484,0.31808133814580986,0.3400000000000001,0.3419186618541901,0.3231243484758743,0.33780300058951734,0.3390726509346084,0.34327508413042057,0.28730289083878324,0.3694220250307962,0.3421705663825345,0.2931050284767034,0.3647244051407621,0.3421705663825345,0.2931050284767034,0.3647244051407621
3,2025-11-16,WC_QUALIFIER,ITA,NOR,B,0.85,2025-10-14,0.3333333333333333,0.3333333333333333,0.3333333333333333,0.35089237264324297,0.25539990977723703,0.39370771757952,0.3066589459979191,0.34,0.3533410540020809,0.3154276224797738,0.3378951110519816,0.3466772664682446,0.33092722355505105,0.28693673807771347,0.3821360383672354,0.331496137192554,0.2928276556450312,0.3756762071624147,0.33149613719255405,0.29282765564503127,0.37567620716241473
3,2025-11-16,WC_QUALIFIER,UKR,ISL,A,0.85,2025-10-14,0.3333333333333333,0.3333333333333333,0.3333333333333333,0.38076365435718973,0.2579051265822998,0.36133121906051047,0.3406342597763621,0.34,0.31936574022363784,0.3382163533085099,0.33779638448219773,0.32398726220929236,0.36799995571329364,0.28732921284141383,0.34467083144529254,0.3634990044259829,0.29312496313245767,0.3433760324415595,0.3634990044259829,0.29312496313245767,0.3433760324415595
3,2025-11-18,WC_QUALIFIER,AUT,BIH,D,0.85,2025-10-14,0.3333333333333333,0.3333333333333333,0.3333333333333333,0.39370771757952,0.25539990977723703,0.35089237264324297,0.3533410540020809,0.34,0.30665894599791904,0.3466772664682446,0.3378951110519816,0.31542762247977374,0.3821360383672354,0.28693673807771347,0.33092722355505116,0.3756762071624147,0.2928276556450312,0.33149613719255405,0.3756762071624147,0.2928276556450312,0.33149613719255405
3,2025-11-18,WC_QUALIFIER,ESP,TUR,D,0.85,2025-10-14,0.3333333333333333,0.3333333333333333,0.3333333333333333,0.39370771757952,0.25539990977723703,0.35089237264324297,0.3533410540020809,0.34,0.30665894599791904,0.3466772664682446,0.3378951110519816,0.31542762247977374,0.3821360383672354,0.28693673807771347,0.33092722355505116,0.3756762071624147,0.2928276556450312,0.33149613719255405,0.3756762071624147,0.2928276556450312,0.33149613719255405
3,2025-11-18,WC_QUALIFIER,SCO,DEN,A,0.85,2025-10-14,0.3333333333333333,0.3333333333333333,0.3333333333333333,0.3504123942825698,0.25528517075757035,0.3943024349598599,0.3060774412345159,0.34,0.35392255876548406,0.3150346094447909,0.337901405043221,0.3470639855119881,0.3303017027319456,0.2869117393752758,0.38278655789277866,0.33095486832490595,0.2928087134409445,0.3762364182341496,0.33095486832490595,0.2928087134409445,0.3762364182341496
3,2026-03-26,FRIENDLY,CZE,IRL,D,0.6,2025-10-14,0.3333333333333333,0.3333333333333333,0.3333333333333333,0.3507003914033941,0.255354011864094,0.39394559673251195,0.3064263264050208,0.34,0.3535736735949791,0.31527041991767235,0.3378976101272695,0.34683196995505816,0.33067696031753435,0.28692681184083557,0.38239622784163013,0.3312795886327187,0.29282013433684984,0.37590027703043155,0.33127958863271867,0.2928201343368498,0.37590027703043144
3,2026-03-26,FRIENDLY,UKR,SWE,B,0.6,2025-10-14,0.3333333333333333,0.3333333333333333,0.3333333333333333,0.39335091875121203,0.2554687623348586,0.35118031891392937,0.35299208096886375,0.3400000000000001,0.3070079190311363,0.34644517177448325,0.3378914087545775,0.31566341947093934,0.38174580063004093,0.28695144424198227,0.3313027551279768,0.375340139220092,0.2928387986196812,0.33182106216022683,0.375340139220092,0.2928387986196812,0.33182106216022683
3,2026-03-26,FRIENDLY,WAL,BIH,D,0.6,2025-10-14,0.3333333333333333,0.3333333333333333,0.3333333333333333,0.36047133987952473,0.25769805053344025,0.38183060958703513,0.31831484004820054,0.34,0.3416851599517994,0.32328126028399673,0.33780174165643245,0.33891699805957076,0.3435287184573363,0.2873078992425758,0.36916338230008783,0.34238963848212933,0.29310882158478174,0.3645015399330888,0.34238963848212933,0.29310882158478174,0.3645015399330888
3,2026-03-31,FRIENDLY,BIH,ITA,D,0.6,2025-10-14,0.3333333333333333,0.3333333333333333,0.3333333333333333,0.3814749152551395,0.25776707259023773,0.36075801215462283,0.3413348852034501,0.34,0.3186651147965498,0.3386834872504258,0.3377998999226287,0.32351661282694544,0.3687754882971877,0.2873152263903269,0.34390928531248544,0.3641672960157165,0.29311437074568686,0.3427183332385966,0.3641672960157165,0.29311437074568686,0.3427183332385966
3,2026-03-31,FRIENDLY,CZE,DEN,D,0.6,2025-10-14,0.3333333333333333,0.3333333333333333,0.3333333333333333,0.3533868411144397,0.25599684818599444,0.3906163106995659,0.30968503853734614,0.3400000000000001,0.3503149614626539,0.317470892230715,0.3378648725990981,0.34466423517018696,0.3341872033116218,0.2870568774348947,0.37875591925348356,0.3343161684869441,0.2929186798703979,0.372765151642658,0.3343161684869441,0.2929186798703979,0.372765151642658
3,2026-03-31,FRIENDLY,SWE,POL,A,0.6,2025-10-14,0.3333333333333333,0.3333333333333333,0.3333333333333333,0.36047133987952473,0.25769805053344025,0.38183060958703513,0.31831484004820054,0.34,0.3416851599517994,0.32328126028399673,0.33780174165643245,0.33891699805957076,0.3435287184573363,0.2873078992425758,0.36916338230008783,0.34238963848212933,0.29310882158478174,0.3645015399330888,0.34238963848212933,0.29310882158478174,0.3645015399330888
3,2026-06-11,WC_2026_GROUP,MEX,RSA,A,1.0,2025-10-14,0.3333333333333333,0.3333333333333333,0.3333333333333333,0.5050416181416917,0.2344467209368403,0.26051166092146805,0.4672165760537266,0.3259255348502478,0.20685788909602562,0.422392828528445,0.3322385063925228,0.2453686650790322,0.5040530214286382,0.27238679187382253,0.2235601866975394,0.4810685984273785,0.2816960569281291,0.23723534464449242,0.4810685984273785,0.2816960569281291,0.23723534464449242
3,2026-06-11,WC_2026_GROUP,KOR,CZE,A,1.0,2025-10-14,0.3333333333333333,0.3333333333333333,0.3333333333333333,0.3028173584605207,0.2440965125265189,0.4530861290129604,0.24980665164939878,0.3400000000000001,0.41019334835060123,0.27624406835590387,0.3392680067779188,0.3844879248661774,0.27116240359312893,0.28154664227697457,0.44729095412989645,0.2794462576126109,0.2887289724162796,0.4318247699711096,0.2794462576126109,0.2887289724162796,0.4318247699711096
3,2026-06-12,WC_2026_GROUP,CAN,BIH,D,1.0,2025-10-14,0.3333333333333333,0.3333333333333333,0.3333333333333333,0.53266504753857,0.2294022156136379,0.23793273684779204,0.4991318204418946,0.3157512974428282,0.18511688211527716,0.4438285534501647,0.3270658217710801,0.22910562477875507,0.5338751641724925,0.2660103361458211,0.20011449968168651,0.5071833933887498,0.2767487803029817,0.21606782630826854,0.5071833933887498,0.2767487803029817,0.21606782630826854
3,2026-06-12,WC_2026_GROUP,USA,PAR,A,1.0,2025-10-14,0.3333333333333333,0.3333333333333333,0.3333333333333333,0.4530861290129604,0.2440965125265189,0.3028173584605207,0.41019334835060123,0.3400000000000001,0.24980665164939878,0.3844879248661774,0.3392680067779188,0.27624406835590387,0.44729095412989645,0.2815466422769746,0.27116240359312904,0.43182476997110947,0.2887289724162796,0.27944625761261094,0.43182476997110947,0.2887289724162796,0.27944625761261094
3,2026-06-13,WC_2026_GROUP,SUI,QAT,D,1.0,2025-10-14,0.3333333333333333,0.3333333333333333,0.3333333333333333,0.6460908819795972,0.20926738652800414,0.14464173149239867,0.622961350788063,0.2783059288088988,0.09873272040303817,0.532691005253334,0.31130273303067296,0.1560062617159931,0.6514370724193445,0.2308688053535913,0.11769412222706428,0.6128985329319495,0.24868132804301318,0.13842013902503728,0.6128985329319495,0.24868132804301318,0.13842013902503728
3,2026-06-13,WC_2026_GROUP,BRA,MAR,D,1.0,2025-10-14,0.3333333333333333,0.3333333333333333,0.3333333333333333,0.5412641732206224,0.22784361622238272,0.23089221055699494,0.5089740486443991,0.3126603822369052,0.1783655691186957,0.45051229710444723,0.3255553175238941,0.22393238537165866,0.5430863730165638,0.26382934337105307,0.19308428361238306,0.5152939364764015,0.275046740364774,0.20965932315882457,0.5152939364764014,0.27504674036477395,0.20965932315882452
3,2026-06-13,WC_2026_GROUP,SCO,HAI,A,1.0,2025-10-14,0.3333333333333333,0.3333333333333333,0.3333333333333333,0.6500216614576473,0.20858536452207807,0.14139297402027465,0.6269446573779276,0.2771496048817814,0.09590573774029089,0.5358095883234879,0.31093326436194285,0.15325714731456921,0.6553269861892177,0.22943723074310512,0.11523578306767718,0.6164976047671477,0.24750766073050767,0.13599473450234478,0.6164976047671477,0.24750766073050767,0.13599473450234478
3,2026-06-14,WC_2026_GROUP,AUS,TUR,A,1.0,2025-10-14,0.3333333333333333,0.3333333333333333,0.3333333333333333,0.21966608743299443,0.2253722089435298,0.5549617036234757,0.16764586889555216,0.3078155085382277,0.5245386225662202,0.2155788513226871,0.3232495389270763,0.46117160975023663,0.18215043661997807,0.2601730087284211,0.5576765546516008,0.1996285675996194,0.27218189415106997,0.5281895382493107,0.1996285675996194,0.27218189415106997,0.5281895382493107
3,2026-06-14,WC_2026_GROUP,GER,CUR,A,1.0,2025-10-14,0.3333333333333333,0.3333333333333333,0.3333333333333333,0.7177045975459844,0.19699605117149657,0.08529935128251911,0.69080167048443,0.25897657965356513,0.05022174986200493,0.5902794570269466,0.3068991909663376,0.10282135200671559,0.7198948395669456,0.20313370567903252,0.07697145475402184,0.6775421595000003,0.22548698581257534,0.09697085468742447,0.6775421595000003,0.22548698581257534,0.09697085468742447
3,2026-06-14,WC_2026_GROUP,NED,JPN,D,1.0,2025-10-14,0.3333333333333333,0.3333333333333333,0.3333333333333333,0.5106506975022899,0.23341769206670046,0.25593161043100965,0.47372853885079025,0.3238303187081646,0.2024411424410452,0.42674166678002423,0.33114918320865094,0.24210915001132494,0.510134350722276,0.27117216802516525,0.21869348125255872,0.48637757366221684,0.28075696397493505,0.232865462362848,0.4863775736622169,0.2807569639749351,0.23286546236284802
3,2026-06-14,WC_2026_GROUP,CIV,ECU,A,1.0,2025-10-14,0.3333333333333333,0.3333333333333333,0.3333333333333333,0.3028173584605207,0.2440965125265189,0.4530861290129604,0.24980665164939878,0.3400000000000001,0.41019334835060123,0.27624406835590387,0.3392680067779188,0.3844879248661774,0.27116240359312893,0.28154664227697457,0.44729095412989645,0.2794462576126109,0.2887289724162796,0.4318247699711096,0.2794462576126109,0.2887289724162796,0.4318247699711096
3,2026-06-14,WC_2026_GROUP,SWE,TUN,A,1.0,2025-10-14,0.3333333333333333,0.3333333333333333,0.3333333333333333,0.44719030968690804,0.24520540310650693,0.3076042872065851,0.4046703013010744,0.34,0.2553296986989255,0.3808012123843168,0.3390653252363196,0.2801334623793635,0.4408187292559318,0.28233447725596755,0.2768467934881007,0.4262366333353769,0.2893298717578096,0.2844334949068135,0.4262366333353769,0.2893298717578096,0.2844334949068135
4,2026-06-15,WC_2026_GROUP,ESP,CPV,D,1.0,2026-06-14,0.3333333333333333,0.3333333333333333,0.3333333333333333,0.7808234792492815,0.1864384665010201,0.032738054249698334,0.7331911106566091,0.24726857811925496,0.0195403112241359,0.6354325706806458,0.3078723114692267,0.056695117850127416,0.8536325532287145,0.10947117604845477,0.036896270722830804,0.7259712899458108,0.18461712751243825,0.08941158254175093,0.7259712899458108,0.18461712751243825,0.08941158254175093
4,2026-06-15,WC_2026_GROUP,BEL,EGY,D,1.0,2026-06-14,0.3333333333333333,0.3333333333333333,0.3333333333333333,0.5918845944948388,0.2187777320220397,0.18933767348312155,0.5505142159779184,0.29984352609811393,0.14964225792396768,0.47925845469219586,0.3196346664214447,0.20110687888635947,0.6366570122650693,0.2134433775685761,0.14989961016635456,0.5365111650284247,0.258918770534685,0.20457006443689027,0.5365111650284248,0.25891877053468504,0.2045700644368903
4,2026-06-15,WC_2026_GROUP,KSA,URU,D,1.0,2026-06-14,0.3333333333333333,0.3333333333333333,0.3333333333333333,0.11131422683791253,0.20232781411876605,0.6863579590433214,0.08102461027460327,0.2711259408853804,0.6478494488400164,0.13820248490082362,0.30918513046734414,0.5526123846318323,0.08485042030209014,0.16744213893248314,0.7477074407654267,0.14620763213736854,0.23002615522960276,0.6237662126330287,0.14620763213736854,0.23002615522960276,0.6237662126330287
4,2026-06-15,WC_2026_GROUP,IRN,NZL,D,1.0,2026-06-14,0.3333333333333333,0.3333333333333333,0.3333333333333333,0.5539206553538227,0.2255595598321282,0.22051978481404913,0.5096695659287055,0.3124427651573069,0.1778876689139876,0.45098617790431206,0.32545010243947853,0.2235637196562095,0.5903749396122561,0.22872876425926775,0.18089629612847616,0.50353734014489,0.2676046123135034,0.22885804754160652,0.50353734014489,0.2676046123135034,0.22885804754160652
4,2026-06-16,WC_2026_GROUP,FRA,SEN,A,1.0,2026-06-14,0.3333333333333333,0.3333333333333333,0.3333333333333333,0.5966230459095235,0.2179384031511593,0.18543855093931721,0.5555619840786858,0.2983103254977084,0.1461276904236059,0.48282416480745105,0.31896730946927243,0.19820852572327638,0.6423800051103533,0.21139752637814463,0.1462224685115021,0.5406980944735906,0.2577271058268813,0.20157479969952793,0.5406980944735907,0.25772710582688135,0.20157479969952796
4,2026-06-16,WC_2026_GROUP,NOR,IRQ,A,1.0,2026-06-14,0.3333333333333333,0.3333333333333333,0.3333333333333333,0.6804363604927612,0.2033418620887001,0.11622177741853867,0.642006343276134,0.27280211811080557,0.08519153861306052,0.5478362244032859,0.3096395004871206,0.1425242751095936,0.7409541066719665,0.17063274621633726,0.08841314711169625,0.6180171604260145,0.2321923542672849,0.1497904853067006,0.6180171604260145,0.2321923542672849,0.1497904853067006
4,2026-06-16,WC_2026_GROUP,ARG,ALG,A,1.0,2026-06-14,0.3333333333333333,0.3333333333333333,0.3333333333333333,0.7029061972751554,0.1995055881691847,0.09758821455566001,0.6639368103097824,0.2665404708724949,0.06952271881772276,0.5661362503974425,0.3080906885538098,0.1257730610487478,0.7664336631300869,0.15830932904057385,0.0752570078293393,0.6400970599411354,0.223666250270929,0.1362366897879354,0.6400970599411355,0.22366625027092907,0.13623668978793543
4,2026-06-17,WC_2026_GROUP,AUT,JOR,A,1.0,2026-06-14,0.3333333333333333,0.3333333333333333,0.3333333333333333,0.5433941763888572,0.2274583994445074,0.2291474241666354,0.4982437230775125,0.3160312595894802,0.18572501733300728,0.4432273955288691,0.3272040972427934,0.22956850722833752,0.5774318316174815,0.2326030854921643,0.1899650828903542,0.4945616084091567,0.2697513127774564,0.23568707881338682,0.49456160840915675,0.26975131277745645,0.23568707881338685
4,2026-06-17,WC_2026_GROUP,POR,COD,D,1.0,2026-06-14,0.3333333333333333,0.3333333333333333,0.3333333333333333,0.7091404261738586,0.1984467493614137,0.0924128244647277,0.6698979486080545,0.2648521174333316,0.06524993395861389,0.5713059606608655,0.30775039775649915,0.12094364158263542,0.773435862534454,0.15478359311163192,0.07178054435391426,0.6463614055530056,0.22114434030595714,0.1324942541410371,0.6463614055530057,0.22114434030595717,0.13249425414103713
4,2026-06-17,WC_2026_GROUP,ENG,CRO,A,1.0,2026-06-14,0.3333333333333333,0.3333333333333333,0.3333333333333333,0.5928372535592897,0.2186088607765031,0.18855388566420714,0.5515300969162789,0.29953455380826016,0.14893534927546107,0.47997460620343174,0.3194994163646085,0.2005259774319597,0.6378086915293114,0.21303444130249624,0.1491568671681923,0.5373515964608941,0.25868116157790993,0.2039672419611959,0.5373515964608943,0.25868116157791,0.20396724196119592
4,2026-06-17,WC_2026_GROUP,GHA,PAN,A,1.0,2026-06-14,0.3333333333333333,0.3333333333333333,0.3333333333333333,0.4530861290129604,0.2440965125265189,0.3028173584605207,0.4046703013010744,0.34,0.2553296986989255,0.3808012123843168,0.3390653252363196,0.2801334623793635,0.4657404400777185,0.2586448328614776,0.27561472706080387,0.4200814293683763,0.2838180779392809,0.2961004926923429,0.4200814293683763,0.2838180779392809,0.2961004926923429
4,2026-06-17,WC_2026_GROUP,COL,UZB,A,1.0,2026-06-14,0.3333333333333333,0.3333333333333333,0.3333333333333333,0.5792775528962071,0.22101847647882755,0.19970397062496537,0.5370244831364042,0.3039661687131171,0.1590093481504788,0.4698142412956849,0.3214748135207936,0.20871094518352154,0.621367565415034,0.21874058577260413,0.15989184881236182,0.5254513876969966,0.2619709111445108,0.21257770115849267,0.5254513876969966,0.2619709111445108,0.21257770115849267
4,2026-06-18,WC_2026_GROUP,CZE,RSA,D,1.0,2026-06-14,0.3333333333333333,0.3333333333333333,0.3333333333333333,0.5046615694944765,0.2345165317499225,0.26082189875560097,0.4559790113757464,0.3295651928744505,0.21445579574980306,0.414911740719122,0.3341591677715466,0.25092909150933146,0.5295630182941073,0.24540287620791182,0.22503410549798086,0.46209440390644585,0.27671882755370913,0.26118676853984507,0.46209440390644585,0.27671882755370913,0.26118676853984507
4,2026-06-18,WC_2026_GROUP,SUI,BIH,A,1.0,2026-06-14,0.3333333333333333,0.3333333333333333,0.3333333333333333,0.4642368104198983,0.24200713829879858,0.2937560512813031,0.4143838857891264,0.34,0.24561611421087354,0.3872895056365664,0.33943224878018985,0.2732782455832438,0.47950635597928526,0.25616699649115576,0.2643266475295589,0.4290563875547477,0.28248815615704703,0.2884554562882053,0.4290563875547477,0.28248815615704703,0.2884554562882053
4,2026-06-18,WC_2026_GROUP,CAN,QAT,A,1.0,2026-06-14,0.3333333333333333,0.3333333333333333,0.3333333333333333,0.6456950249763587,0.2093361268818474,0.14496884814179392,0.6069326332661217,0.282987277617762,0.11008008911611639,0.5203712501608262,0.3128942453166616,0.16673450452251237,0.7007542160698372,0.18854248129685536,0.11070330263330724,0.5851365882554223,0.24386693563888043,0.17099647610569726,0.5851365882554224,0.24386693563888046,0.1709964761056973
4,2026-06-18,WC_2026_GROUP,MEX,KOR,A,1.0,2026-06-14,0.3333333333333333,0.3333333333333333,0.3333333333333333,0.4408789277101674,0.2463956699541106,0.31272540233572205,0.39394501467562265,0.34,0.26605498532437727,0.3736569470940661,0.3387156526048611,0.28762740030107276,0.45071208352837544,0.26110633987459636,0.2881815765970281,0.4103202694971488,0.2851467645754425,0.30453296592740875,0.4103202694971488,0.2851467645754425,0.30453296592740875
4,2026-06-19,WC_2026_GROUP,USA,AUS,A,1.0,2026-06-14,0.3333333333333333,0.3333333333333333,0.3333333333333333,0.5090675651288736,0.2337078840723571,0.25722455079876927,0.46079841864959703,0.3280005124749716,0.21120106887543133,0.41811674757442346,0.3333291219437583,0.2485541304818182,0.5350204079416813,0.24406601349566628,0.22091357856265254,0.4657456286624544,0.2759985245374609,0.25825584680008473,0.4657456286624544,0.2759985245374609,0.25825584680008473
4,2026-06-19,WC_2026_GROUP,MAR,SCO,A,1.0,2026-06-14,0.3333333333333333,0.3333333333333333,0.3333333333333333,0.448771032912512,0.2449078155670209,0.30632115152046707,0.400889756820314,0.34,0.2591102431796859,0.3782809162246772,0.3389355089027047,0.2827835748726182,0.4604224775934233,0.2595451309933796,0.28003239141319713,0.4166234324253881,0.28430288817243465,0.2990736794021773,0.4166234324253881,0.28430288817243465,0.2990736794021773
4,2026-06-19,WC_2026_GROUP,BRA,HAI,A,1.0,2026-06-14,0.3333333333333333,0.3333333333333333,0.3333333333333333,0.7613598238062802,0.18966930994469566,0.04897086624902415,0.7171677648755861,0.2516625390892737,0.031169696035140082,0.6168566407134631,0.30689003493215206,0.07625332435438478,0.831499992499225,0.12298885105832287,0.04551115644245209,0.7023249539852185,0.1964296740227875,0.10124537199199413,0.7023249539852184,0.19642967402278744,0.1012453719919941
4,2026-06-19,WC_2026_GROUP,PAR,TUR,A,1.0,2026-06-14,0.3333333333333333,0.3333333333333333,0.3333333333333333,0.30512786689599347,0.24463129658777555,0.45024083651623104,0.2578211877016148,0.34,0.4021788122983852,0.2818810452925909,0.33897896410678574,0.37913999060062337,0.27852460248613653,0.25924216515151727,0.4622332323623461,0.29806002777260415,0.2841396157657011,0.41780035646169467,0.2980600277726042,0.2841396157657012,0.4178003564616947
4,2026-06-20,WC_2026_GROUP,NED,SWE,A,1.0,2026-06-14,0.3333333333333333,0.3333333333333333,0.3333333333333333,0.5582620926629218,0.2247787799014208,0.21695912743565737,0.5143712493061829,0.31097444415074627,0.1746543065430707,0.45419535486716645,0.3247441711155707,0.2210604740172629,0.5957012267217551,0.22708358892251412,0.17721518435573091,0.5072593951831847,0.26668685070414055,0.2260537541126747,0.5072593951831847,0.26668685070414055,0.2260537541126747
4,2026-06-20,WC_2026_GROUP,GER,CIV,A,1.0,2026-06-14,0.3333333333333333,0.3333333333333333,0.3333333333333333,0.5461298041611666,0.2269641451690545,0.22690605066977898,0.501216365643234,0.3150948613691841,0.18368877298758188,0.445240813279636,0.3267425437324726,0.22801664298789137,0.5807991439933288,0.23161198824404958,0.18758886776262165,0.4968876616433442,0.2692040509881808,0.233908287368475,0.4968876616433442,0.2692040509881808,0.233908287368475
4,2026-06-20,WC_2026_GROUP,ECU,CUR,D,1.0,2026-06-14,0.3333333333333333,0.3333333333333333,0.3333333333333333,0.6318773401922693,0.21174202196714229,0.1563806378405884,0.5926558680383724,0.28719597817833203,0.12014815378329559,0.5096712102028137,0.3144420451687786,0.17588674462840767,0.6844951496650424,0.19527600533285755,0.1202288450021,0.5724100949183544,0.2480616467804781,0.17952825830116756,0.5724100949183544,0.2480616467804781,0.17952825830116756
4,2026-06-21,WC_2026_GROUP,JPN,TUN,A,1.0,2026-06-14,0.3333333333333333,0.3333333333333333,0.3333333333333333,0.6129938612973794,0.21505053268788113,0.17195560601473944,0.5728951998678022,0.2930838876596947,0.13402091247250317,0.495217172268964,0.3167671978455325,0.18801562988550358,0.6620433119165925,0.20410522481432322,0.13385146326908423,0.5552965589467282,0.25341761267463786,0.1912858283786339,0.5552965589467282,0.25341761267463786,0.1912858283786339
4,2026-06-21,WC_2026_GROUP,ESP,KSA,A,1.0,2026-06-14,0.3333333333333333,0.3333333333333333,0.3333333333333333,0.76932628513149,0.18834430801553023,0.04232940685297972,0.7238582458226037,0.24982325726241789,0.026318496914978378,0.6243077752725998,0.3071743661285419,0.06851785859885828,0.8404493636915341,0.11763062620801577,0.04192001010045007,0.7117079021770606,0.19185554635009044,0.09643655147284903,0.7117079021770605,0.1918555463500904,0.096436551472849
4,2026-06-21,WC_2026_GROUP,BEL,IRN,D,1.0,2026-06-14,0.3333333333333333,0.3333333333333333,0.3333333333333333,0.5657167663075626,0.22344128873214217,0.2108419449602952,0.5224281272552664,0.308469407867557,0.1691024648771766,0.4597192122314019,0.3235561702732116,0.21672461749538646,0.6048289096288011,0.22419538091767566,0.1709757094535233,0.5136788416374556,0.2650662437186403,0.22125491464390407,0.5136788416374556,0.2650662437186403,0.22125491464390407
4,2026-06-21,WC_2026_GROUP,URU,CPV,D,1.0,2026-06-14,0.3333333333333333,0.3333333333333333,0.3333333333333333,0.6498558415987364,0.20861411523996767,0.14153004316129594,0.6111981830176336,0.2817370061933106,0.10706481078905578,0.5236159537653726,0.3124549655917885,0.16392908064283895,0.7056207020116428,0.18647081287369086,0.10790848511466632,0.5890051893286604,0.24255607395527298,0.16843873671606674,0.5890051893286603,0.24255607395527293,0.1684387367160667
4,2026-06-21,WC_2026_GROUP,EGY,NZL,A,1.0,2026-06-14,0.3333333333333333,0.3333333333333333,0.3333333333333333,0.5310858433815127,0.22968904744369345,0.2392251091747939,0.48484428898708115,0.3202769042722651,0.19487880674065378,0.43419236006411827,0.3293298294387397,0.23647781049714203,0.56225401009686,0.23692292114049157,0.20082306876264844,0.4841515176930842,0.27212241025691114,0.24372607205000468,0.4841515176930842,0.27212241025691114,0.24372607205000468
4,2026-06-22,WC_2026_GROUP,ARG,AUT,A,1.0,2026-06-14,0.3333333333333333,0.3333333333333333,0.3333333333333333,0.654731286806285,0.20776953163058842,0.13749918156312657,0.616175370816209,0.28028226650608534,0.10354236267770565,0.5274322112558045,0.3119565963043908,0.1606111924398047,0.7113052649260571,0.18401772092268293,0.10467701415126007,0.5935607472146313,0.24099105473762525,0.16544819804774336,0.5935607472146314,0.24099105473762528,0.16544819804774338
4,2026-06-22,WC_2026_GROUP,FRA,IRQ,A,1.0,2026-06-14,0.3333333333333333,0.3333333333333333,0.3333333333333333,0.7661883908717902,0.18886577492399645,0.0449458342042133,0.7212432437243343,0.25054135767187774,0.028215398603787908,0.6213506891368017,0.307044906065698,0.07160440479750017,0.8369118390410495,0.11976527324431921,0.04332288771463132,0.7079711070310601,0.1936940735707179,0.09833481939822207,0.7079711070310601,0.1936940735707179,0.09833481939822207
4,2026-06-22,WC_2026_GROUP,NOR,SEN,A,1.0,2026-06-14,0.3333333333333333,0.3333333333333333,0.3333333333333333,0.47722450828525376,0.23958633696681908,0.28318915474792716,0.4259507373633621,0.3394453585302602,0.23460390410637777,0.3950266953271872,0.3395471678954297,0.2654261367773832,0.49557278522168746,0.25300933986411833,0.25141787491419426,0.43958310603128686,0.2807978187589231,0.27961907520978996,0.43958310603128686,0.2807978187589231,0.27961907520978996
4,2026-06-22,WC_2026_GROUP,JOR,ALG,B,1.0,2026-06-14,0.3333333333333333,0.3333333333333333,0.3333333333333333,0.26892508376589996,0.23634481963718387,0.49473009659691614,0.2217744619783409,0.3331147430660395,0.4451107949556196,0.256233816300532,0.33606606294418717,0.40770012075528084,0.23444175072753015,0.24830041319774251,0.5172578360747273,0.26782250993648243,0.2782757744217545,0.453901715641763,0.26782250993648243,0.2782757744217545,0.453901715641763
4,2026-06-23,WC_2026_GROUP,POR,UZB,A,1.0,2026-06-14,0.3333333333333333,0.3333333333333333,0.3333333333333333,0.68828002352441,0.20199914127866647,0.1097208351969236,0.6497366135818103,0.2705858075178991,0.07967757890029065,0.5541694521545882,0.30904450854983667,0.13678603929557503,0.7498934079369712,0.1663978292843061,0.08370876277872266,0.6256424844392624,0.22931104792676593,0.14504646763397164,0.6256424844392624,0.22931104792676593,0.14504646763397164
4,2026-06-23,WC_2026_GROUP,ENG,GHA,D,1.0,2026-06-14,0.3333333333333333,0.3333333333333333,0.3333333333333333,0.6835421941417716,0.20280972713177828,0.11364807872645005,0.645076406886022,0.2719207093841348,0.08300288372984317,0.5503374057220991,0.3093972503805085,0.1402653438973924,0.7444997160952379,0.16896432344349374,0.08653596046126848,0.6210266588654885,0.23106308194438266,0.14791025919012882,0.6210266588654886,0.2310630819443827,0.14791025919012885
4,2026-06-23,WC_2026_GROUP,PAN,CRO,B,1.0,2026-06-14,0.3333333333333333,0.3333333333333333,0.3333333333333333,0.19783122932288813,0.22061266493240744,0.5815561057447044,0.15731491474855372,0.30321644002504655,0.5394686452263998,0.20734787374278826,0.3211353760138874,0.47151675024332435,0.15806350579063955,0.21779909680880108,0.6241373974005594,0.2111262430620831,0.26143186983238936,0.5274418871055275,0.2111262430620831,0.26143186983238936,0.5274418871055275
4,2026-06-23,WC_2026_GROUP,COL,COD,A,1.0,2026-06-14,0.3333333333333333,0.3333333333333333,0.3333333333333333,0.612253289493859,0.21518077622090614,0.1725659342852348,0.5721148966451592,0.2933179122136307,0.13456719114121024,0.4946539308599816,0.3168631125871281,0.1884829565528902,0.6611576281374874,0.20444248779975932,0.13439988406275338,0.5546315546351442,0.25361912721075147,0.19174931815410426,0.5546315546351444,0.2536191272107515,0.1917493181541043
4,2026-06-24,WC_2026_GROUP,SUI,CAN,A,1.0,2026-06-14,0.3333333333333333,0.3333333333333333,0.3333333333333333,0.3506662149170696,0.25534584178099795,0.39398794330193243,0.30806654801700845,0.34,0.3519334519829915,0.31637845816375326,0.3378805209621536,0.34574102087409314,0.3383191886548628,0.26805850264367653,0.39362230870146075,0.33755762668564787,0.2890346406858162,0.3734077326285358,0.33755762668564787,0.2890346406858162,0.3734077326285358
4,2026-06-24,WC_2026_GROUP,BIH,QAT,A,1.0,2026-06-14,0.3333333333333333,0.3333333333333333,0.3333333333333333,0.5163686426804444,0.23237118144611282,0.25126017587344285,0.46878001764314203,0.32542157791708093,0.205798404439777,0.4234359432989646,0.33197539064942894,0.24458866605160645,0.544059397650874,0.24178213569309062,0.21415846665603536,0.471819027916331,0.27476455887738993,0.253416413206279,0.471819027916331,0.27476455887738993,0.253416413206279
4,2026-06-24,WC_2026_GROUP,SCO,BRA,B,1.0,2026-06-14,0.3333333333333333,0.3333333333333333,0.3333333333333333,0.17188778746394787,0.21503606305970124,0.6130761494763509,0.13396022222693676,0.2930578984339005,0.5729818793391627,0.18796366565775208,0.3167565618610845,0.49527977248116334,0.133790591633756,0.20406770747231529,0.6621417008939287,0.19123433928383685,0.25339518251014725,0.5553704782060158,0.19123433928383687,0.2533951825101473,0.5553704782060159
4,2026-06-24,WC_2026_GROUP,MAR,HAI,A,1.0,2026-06-14,0.3333333333333333,0.3333333333333333,0.3333333333333333,0.7244644885692972,0.19585411720538207,0.07968139422532068,0.6842943185118682,0.2607982279845923,0.05490745350353951,0.5842153970168428,0.30710069548570573,0.10868390749745147,0.7905432562845662,0.14590543538663892,0.06355130832879478,0.6620636048053906,0.21461674446831333,0.12331965072629601,0.6620636048053906,0.21461674446831333,0.12331965072629601
4,2026-06-24,WC_2026_GROUP,RSA,KOR,A,1.0,2026-06-14,0.3333333333333333,0.3333333333333333,0.3333333333333333,0.2912532319978151,0.2414322406183418,0.46731452738384305,0.24294951142007562,0.34,0.41705048857992433,0.2713840374174744,0.3395415216327683,0.38907444094975724,0.2612440576060781,0.25544496636615455,0.48331097602776724,0.286354901609431,0.28210139939785195,0.43154369899271705,0.286354901609431,0.28210139939785195,0.43154369899271705
4,2026-06-24,WC_2026_GROUP,CZE,MEX,B,1.0,2026-06-14,0.3333333333333333,0.3333333333333333,0.3333333333333333,0.2781224702772311,0.2384315077319314,0.4834460219908375,0.23005568180880676,0.33718484995754894,0.43275946823364436,0.2621816975026239,0.3382925475631854,0.39952575493419074,0.24532794797856883,0.25139472487822195,0.5032773271432092,0.2754117574980447,0.27993373115067427,0.444654511351281,0.2754117574980447,0.27993373115067427,0.444654511351281
4,2026-06-25,WC_2026_GROUP,CUR,CIV,B,1.0,2026-06-14,0.3333333333333333,0.3333333333333333,0.3333333333333333,0.18097876881528285,0.21698070158562205,0.6020405295990952,0.14211463277480263,0.296568550040267,0.5613168171849303,0.19486680923246147,0.31822092843233307,0.48691226233520546,0.1420712762544963,0.20902248636445125,0.6489062373810525,0.19815983146894714,0.2563343313452266,0.5455058371858265,0.19815983146894708,0.25633433134522654,0.5455058371858263
4,2026-06-25,WC_2026_GROUP,ECU,GER,A,1.0,2026-06-14,0.3333333333333333,0.3333333333333333,0.3333333333333333,0.1955057042392372,0.22010935761806294,0.5843849381426999,0.15521207453608463,0.30228846553847577,0.5424994599254396,0.20564878505895898,0.3207181438027068,0.47363307113833425,0.15580731825577057,0.21662040467412408,0.6275722770701054,0.20932683490907167,0.26075496126771347,0.529918203823215,0.20932683490907167,0.26075496126771347,0.529918203823215
4,2026-06-25,WC_2026_GROUP,JPN,SWE,D,1.0,2026-06-14,0.3333333333333333,0.3333333333333333,0.3333333333333333,0.5109310046122424,0.2333663311905978,0.2557026641971599,0.46283613909321003,0.3273406432930188,0.20982321761377118,0.41947335599266145,0.3329810309440994,0.24754561306323933,0.5373279947997557,0.24349120197037905,0.21918080322986522,0.46729298031974537,0.27568837965279563,0.257018640027459,0.46729298031974537,0.27568837965279563,0.257018640027459
4,2026-06-25,WC_2026_GROUP,TUN,NED,B,1.0,2026-06-14,0.3333333333333333,0.3333333333333333,0.3333333333333333,0.08233360097267288,0.19639280514150617,0.721273593885821,0.05704102496245706,0.2616307588387195,0.6813282161988234,0.11128543536900007,0.3072128066235048,0.581501758007495,0.06522812311741989,0.14778006568370206,0.7869918111988781,0.12522774429449748,0.21601697151051985,0.6587552841949826,0.12522774429449748,0.21601697151051985,0.6587552841949826
4,2026-06-25,WC_2026_GROUP,TUR,USA,A,1.0,2026-06-14,0.3333333333333333,0.3333333333333333,0.3333333333333333,0.2269619600054797,0.22697646577787378,0.5460615742166466,0.18373956506943007,0.31511818391291424,0.5011422510176556,0.22805542157971062,0.3267540068000517,0.44519057162023773,0.18764796836241665,0.23163684287275976,0.5807151887648236,0.233952617814032,0.26921779070381474,0.49682959148215317,0.233952617814032,0.26921779070381474,0.49682959148215317
4,2026-06-25,WC_2026_GROUP,PAR,AUS,D,1.0,2026-06-14,0.3333333333333333,0.3333333333333333,0.3333333333333333,0.4061263705256751,0.2530105285692359,0.34086310090508903,0.36292468496171,0.3400000000000001,0.29707531503829004,0.35304703884374355,0.3380187921839631,0.30893416897229337,0.40828012118561985,0.26664518756292577,0.32507469125145433,0.3828783453988335,0.2882113951628236,0.32891025943834296,0.3828783453988335,0.2882113951628236,0.32891025943834296
4,2026-06-26,WC_2026_GROUP,NOR,FRA,B,1.0,2026-06-14,0.3333333333333333,0.3333333333333333,0.3333333333333333,0.23926742583584687,0.22969844315314913,0.531034131011004,0.1949172312841234,0.3202948528295761,0.4847879158863005,0.23650659254484863,0.32933892853821795,0.4341544789169334,0.20086925863873223,0.2369405839477382,0.5621901574135296,0.24375997154826062,0.2721320598808136,0.48410796857092575,0.24375997154826062,0.2721320598808136,0.48410796857092575
4,2026-06-26,WC_2026_GROUP,SEN,IRQ,A,1.0,2026-06-14,0.3333333333333333,0.3333333333333333,0.3333333333333333,0.6215068731527209,0.21355602785836314,0.16493709898891593,0.5818369424166001,0.2904104516956877,0.12775260588771215,0.5017107790037895,0.3156899321010855,0.18259928889512508,0.6721969310193061,0.20017913197955162,0.12762393700114238,0.562973635850695,0.25105540445518715,0.18597095969411778,0.562973635850695,0.25105540445518715,0.18597095969411778
4,2026-06-26,WC_2026_GROUP,EGY,IRN,D,1.0,2026-06-14,0.3333333333333333,0.3333333333333333,0.3333333333333333,0.3920596193640947,0.2557180439625023,0.35222233667340297,0.35018046171609213,0.34,0.3098195382839078,0.3445747384607499,0.3378636264287127,0.31756163511053737,0.39130309463111007,0.268257904766971,0.3404390006019189,0.3719084220180763,0.2891537597839999,0.33893781819792385,0.3719084220180763,0.2891537597839999,0.33893781819792385
4,2026-06-26,WC_2026_GROUP,NZL,BEL,B,1.0,2026-06-14,0.3333333333333333,0.3333333333333333,0.3333333333333333,0.10925723616746881,0.201903565832917,0.6888391979996142,0.07928621607716459,0.27042903510389493,0.6502847488189405,0.1363726741613987,0.30900424192900144,0.5546230839095998,0.08337798305240987,0.1660932117449601,0.75052880520263,0.14470881616201922,0.2291018815616014,0.6261893022763794,0.14470881616201922,0.2291018815616014,0.6261893022763794
4,2026-06-26,WC_2026_GROUP,CPV,KSA,D,1.0,2026-06-14,0.3333333333333333,0.3333333333333333,0.3333333333333333,0.4092980023713448,0.2524024899745987,0.33829950765405653,0.3657838470291938,0.34,0.2942161529708061,0.35494625874263797,0.3380639530857303,0.30698978817163186,0.4121257654142036,0.26623108525305234,0.321643149332744,0.3853623710982344,0.28797534196466096,0.3266622869371046,0.3853623710982344,0.28797534196466096,0.3266622869371046
4,2026-06-26,WC_2026_GROUP,URU,ESP,B,1.0,2026-06-14,0.3333333333333333,0.3333333333333333,0.3333333333333333,0.14716121351147288,0.20979715172270955,0.6430416347658175,0.11200713652910634,0.2837887542454146,0.6042041092254791,0.16851130207895268,0.31318096577562055,0.5183077321454268,0.11250337052394169,0.18985302719490751,0.6976436022811509,0.17263027970449446,0.24469117281625657,0.5826785474792489,0.1726302797044945,0.2446911728162566,0.582678547479249
