dataset,match_id,match_name,team_a,team_b,elo_a,elo_b,source_elo,o_win_a,source_odds,p_model_a,p_model_d,p_model_b,p_blend_a,p_blend_d,p_blend_b,ev_rule14,classification,tier,stake_conservative,actual_outcome,processing_steps
june_slate,Spain vs Cape Verde 2026-06-15,Spain vs Cape Verde,ESP,CPV,2157.0,1578.0,eloratings.net / international-football.net 2026-06-15 snapshot,1.19,Betsson/Betano screenshots per AGENT.md,0.6864315418800535,0.2809023623226827,0.03266609579726373,0.7699376815191482,0.1735566651172958,0.05650565336355612,-10.757415899221368,PASS,MOD,0.0,0-0,v4.1: Elo anchor→MOD70/30 stack→Rule24→R14→classify
june_slate,Belgium vs Egypt 2026-06-15,Belgium vs Egypt,BEL,EGY,1894.0,1696.0,eloratings.net / international-football.net 2026-06-15 snapshot,1.67,Betsson/Betano screenshots per AGENT.md,0.5090073043111323,0.3281665980330596,0.1628260976558082,0.561518609463778,0.2687116214244675,0.16976976911175456,-6.226392219549082,PASS,MOD,0.0,1-1,v4.1: Elo anchor→MOD70/30 stack→Rule24→R14→classify
june_slate,France vs Senegal 2026-06-16,France vs Senegal,FRA,SEN,2063.0,1860.0,eloratings.net / international-football.net 2026-06-15 snapshot,1.52,Betsson/Betano screenshots per AGENT.md,0.5134920787116581,0.326907604726739,0.15960031656160292,0.5960361269701169,0.23049355671960223,0.173470316310281,-9.402508700542233,PASS,MOD,0.0,N/A (upcoming at time of analysis),v4.1: Elo anchor→MOD70/30 stack→Rule24→R14→classify
june_slate,Iraq vs Norway 2026-06-16,Iraq vs Norway,IRQ,NOR,1607.0,1914.0,eloratings.net / international-football.net 2026-06-15 snapshot,,Betsson/Betano screenshots per AGENT.md,0.1336770428805314,0.304410843375989,0.5619121137434796,0.2914055123382449,0.327259610442291,0.381334877219464,-41.718897532351015,PASS,MOD,0.0,N/A (upcoming),v4.1: Elo anchor→MOD70/30 stack→Rule24→R14→classify
june_slate,Argentina vs Algeria 2026-06-16,Argentina vs Algeria,ARG,ALG,2115.0,1772.0,eloratings.net / international-football.net 2026-06-15 snapshot,1.41,Betsson/Betano screenshots per AGENT.md,0.6180944244067339,0.29852693194711244,0.08337864364615363,0.6538846853935565,0.19972817695803302,0.1463871376484105,-10.622259359508545,PASS,MOD,0.0,N/A (upcoming),v4.1: Elo anchor→MOD70/30 stack→Rule24→R14→classify
june_slate,Austria vs Jordan 2026-06-16,Austria vs Jordan,AUT,JOR,1830.0,1680.0,eloratings.net / international-football.net 2026-06-15 snapshot,,Betsson/Betano screenshots per AGENT.md,0.4683479270618519,0.3397548886562968,0.1918971842818512,0.36168639801632224,0.3346818599511557,0.30363174203252213,69.0143392753336,HALT,MOD,5.4,N/A (upcoming),v4.1: Elo anchor→MOD70/30 stack→Rule24→R14→classify
june_slate,USA vs Australia 2026-06-19,USA vs Australia 2026-06-19,USA,AUS,1780.0,1839.0,eloratings.net 2026-06-17 snapshot,,Betsson/Betano screenshots per AGENT.md,0.29793549323540375,0.35,0.3520645067645962,0.3258997869127681,0.3368333333333333,0.3372668797538985,-34.820042617446376,PASS,MOD,0.0,upcoming,v4.1: Elo anchor→MOD70/30 stack→Rule24→R14→classify
june_slate,Brazil vs Haiti 2026-06-19,Brazil vs Haiti 2026-06-19,BRA,HAI,1978.0,1500.0,eloratings.net 2026-06-17 snapshot,,Betsson/Betano screenshots per AGENT.md,0.6770851347863397,0.28327398593174713,0.0396408792819132,0.40552121163846466,0.3228208703790002,0.2716579179825351,-18.895757672307067,PASS,MOD,0.0,upcoming,v4.1: Elo anchor→MOD70/30 stack→Rule24→R14→classify
june_slate,Canada vs Qatar 2026-06-18,Canada vs Qatar 2026-06-18,CAN,QAT,1767.0,1607.0,eloratings.net 2026-06-17 snapshot,,Betsson/Betano screenshots per AGENT.md,0.5152707954774881,0.3264092967473546,0.15831990777515723,0.3715402003836058,0.3318792856502778,0.29658051396611634,-25.69195992327884,PASS,MOD,0.0,upcoming,v4.1: Elo anchor→MOD70/30 stack→Rule24→R14→classify
june_slate,Netherlands vs Sweden 2026-06-20,Netherlands vs Sweden 2026-06-20,NED,SWE,1944.0,1755.0,eloratings.net 2026-06-17 snapshot,,Betsson/Betano screenshots per AGENT.md,0.5053809178432371,0.32918734133145255,0.1654317408253103,0.3694633260804131,0.33246267501293836,0.2980739989066485,-26.10733478391738,PASS,MOD,0.0,upcoming,v4.1: Elo anchor→MOD70/30 stack→Rule24→R14→classify
june_slate,Tunisia vs Japan 2026-06-20,Tunisia vs Japan 2026-06-20,TUN,JPN,1711.0,1910.0,eloratings.net 2026-06-17 snapshot,,Betsson/Betano screenshots per AGENT.md,0.18179582433853947,0.32273268757985546,0.495471488081605,0.30151045644442664,0.331107197725103,0.3673823458304704,-39.69790871111467,PASS,MOD,0.0,upcoming,v4.1: Elo anchor→MOD70/30 stack→Rule24→R14→classify
backtest,WC_2018_GROUP_000,RUS vs KSA (14/06/2018),RUS,KSA,1850.0,1680.0,see wc_backtest_dataset_provenance.txt,1.45,see source_odds in backtest CSV,0.5338125094267608,0.26556078265358457,0.20062670791965453,0.5338125094267608,0.26556078265358457,0.20062670791965453,,,,0.0,A,Brier_contrib=0.3281
backtest,WC_2018_GROUP_001,EGY vs URU (15/06/2018),EGY,URU,1720.0,1900.0,see wc_backtest_dataset_provenance.txt,4.5,see source_odds in backtest CSV,0.19305192304680538,0.26285383219029956,0.544094244762895,0.19305192304680538,0.26285383219029956,0.544094244762895,,,,0.0,B,Brier_contrib=0.3142
backtest,WC_2018_GROUP_002,MAR vs IRN (15/06/2018),MAR,IRN,1820.0,1750.0,see wc_backtest_dataset_provenance.txt,1.55,see source_odds in backtest CSV,0.4218885709344602,0.29614476878977836,0.28196666027576145,0.4218885709344602,0.29614476878977836,0.28196666027576145,,,,0.0,A,Brier_contrib=0.5014
backtest,WC_2018_GROUP_003,POR vs ESP (15/06/2018),POR,ESP,1950.0,2060.0,see wc_backtest_dataset_provenance.txt,4.5,see source_odds in backtest CSV,0.24856426627809494,0.2832278798674713,0.46820785385443386,0.24856426627809494,0.2832278798674713,0.46820785385443386,,,,0.0,D,Brier_contrib=0.7948
backtest,WC_2018_GROUP_004,FRA vs AUS (16/06/2018),FRA,AUS,2000.0,1780.0,see wc_backtest_dataset_provenance.txt,1.35,see source_odds in backtest CSV,0.582937106002534,0.25276889504164196,0.16429399895582394,0.582937106002534,0.25276889504164196,0.16429399895582394,,,,0.0,A,Brier_contrib=0.2648
backtest,WC_2018_GROUP_005,ARG vs ISL (16/06/2018),ARG,ISL,2040.0,1780.0,see wc_backtest_dataset_provenance.txt,1.3,see source_odds in backtest CSV,0.6177924242634069,0.2439010797920062,0.1383064959445869,0.6177924242634069,0.2439010797920062,0.1383064959445869,,,,0.0,D,Brier_contrib=0.9725
backtest,WC_2018_GROUP_006,PER vs DEN (16/06/2018),PER,DEN,1780.0,1920.0,see wc_backtest_dataset_provenance.txt,4.0,see source_odds in backtest CSV,0.22413065081003614,0.2741033234204569,0.501766025769507,0.22413065081003614,0.2741033234204569,0.501766025769507,,,,0.0,B,Brier_contrib=0.3736
backtest,WC_2018_GROUP_007,CRO vs NGA (16/06/2018),CRO,NGA,1860.0,1740.0,see wc_backtest_dataset_provenance.txt,1.85,see source_odds in backtest CSV,0.4795360936826923,0.2801265381000507,0.24033736821725696,0.4795360936826923,0.2801265381000507,0.24033736821725696,,,,0.0,A,Brier_contrib=0.4071
backtest,WC_2018_GROUP_008,CRC vs SRB (17/06/2018),CRC,SRB,1760.0,1820.0,see wc_backtest_dataset_provenance.txt,3.2,see source_odds in backtest CSV,0.29036633417067664,0.2994803171187657,0.4101533487105577,0.29036633417067664,0.2994803171187657,0.4101533487105577,,,,0.0,B,Brier_contrib=0.5219
backtest,WC_2018_GROUP_009,GER vs MEX (17/06/2018),GER,MEX,2020.0,1800.0,see wc_backtest_dataset_provenance.txt,1.4,see source_odds in backtest CSV,0.582937106002534,0.25276889504164196,0.16429399895582394,0.582937106002534,0.25276889504164196,0.16429399895582394,,,,0.0,B,Brier_contrib=1.1021
backtest,WC_2018_GROUP_010,BRA vs SUI (17/06/2018),BRA,SUI,2000.0,1860.0,see wc_backtest_dataset_provenance.txt,1.45,see source_odds in backtest CSV,0.501766025769507,0.2741033234204569,0.22413065081003614,0.501766025769507,0.2741033234204569,0.22413065081003614,,,,0.0,D,Brier_contrib=0.8289
backtest,WC_2018_GROUP_011,SWE vs KOR (18/06/2018),SWE,KOR,1820.0,1780.0,see wc_backtest_dataset_provenance.txt,2.1,see source_odds in backtest CSV,0.386637616617315,0.30624520789704973,0.30711717548563533,0.386637616617315,0.30624520789704973,0.30711717548563533,,,,0.0,A,Brier_contrib=0.5643
backtest,WC_2018_GROUP_012,BEL vs PAN (18/06/2018),BEL,PAN,1920.0,1680.0,see wc_backtest_dataset_provenance.txt,1.25,see source_odds in backtest CSV,0.6008826902132834,0.24818240213914444,0.15093490764757211,0.6008826902132834,0.24818240213914444,0.15093490764757211,,,,0.0,A,Brier_contrib=0.2437
backtest,WC_2018_GROUP_013,TUN vs ENG (18/06/2018),TUN,ENG,1700.0,1980.0,see wc_backtest_dataset_provenance.txt,7.0,see source_odds in backtest CSV,0.12642966285529336,0.23992100739597486,0.6336493297487318,0.12642966285529336,0.23992100739597486,0.6336493297487318,,,,0.0,B,Brier_contrib=0.2078
backtest,WC_2018_GROUP_014,COL vs JPN (19/06/2018),COL,JPN,1880.0,1800.0,see wc_backtest_dataset_provenance.txt,1.75,see source_odds in backtest CSV,0.433581441740362,0.29284716316324566,0.27357139509639233,0.433581441740362,0.29284716316324566,0.27357139509639233,,,,0.0,B,Brier_contrib=0.8015
backtest,WC_2018_GROUP_015,POL vs SEN (19/06/2018),POL,SEN,1840.0,1760.0,see wc_backtest_dataset_provenance.txt,2.0,see source_odds in backtest CSV,0.433581441740362,0.29284716316324566,0.27357139509639233,0.433581441740362,0.29284716316324566,0.27357139509639233,,,,0.0,B,Brier_contrib=0.8015
backtest,WC_2018_GROUP_016,RUS vs EGY (19/06/2018),RUS,EGY,1850.0,1720.0,see wc_backtest_dataset_provenance.txt,1.65,see source_odds in backtest CSV,0.49072765362897763,0.2770839392492584,0.23218840712176403,0.49072765362897763,0.2770839392492584,0.23218840712176403,,,,0.0,A,Brier_contrib=0.3900
backtest,WC_2018_GROUP_017,POR vs MAR (20/06/2018),POR,MAR,1950.0,1820.0,see wc_backtest_dataset_provenance.txt,1.85,see source_odds in backtest CSV,0.49072765362897763,0.2770839392492584,0.23218840712176403,0.49072765362897763,0.2770839392492584,0.23218840712176403,,,,0.0,A,Brier_contrib=0.3900
backtest,WC_2018_GROUP_018,URU vs KSA (20/06/2018),URU,KSA,1900.0,1680.0,see wc_backtest_dataset_provenance.txt,1.45,see source_odds in backtest CSV,0.582937106002534,0.25276889504164196,0.16429399895582394,0.582937106002534,0.25276889504164196,0.16429399895582394,,,,0.0,A,Brier_contrib=0.2648
backtest,WC_2018_GROUP_019,IRN vs ESP (20/06/2018),IRN,ESP,1750.0,2060.0,see wc_backtest_dataset_provenance.txt,9.0,see source_odds in backtest CSV,0.11003911906723343,0.2344995055764439,0.6554613753563228,0.11003911906723343,0.2344995055764439,0.6554613753563228,,,,0.0,B,Brier_contrib=0.1858
backtest,WC_2018_GROUP_020,DEN vs AUS (20/06/2018),DEN,AUS,1920.0,1780.0,see wc_backtest_dataset_provenance.txt,1.95,see source_odds in backtest CSV,0.501766025769507,0.2741033234204569,0.22413065081003614,0.501766025769507,0.2741033234204569,0.22413065081003614,,,,0.0,D,Brier_contrib=0.8289
backtest,WC_2018_GROUP_021,FRA vs PER (21/06/2018),FRA,PER,2000.0,1780.0,see wc_backtest_dataset_provenance.txt,1.4,see source_odds in backtest CSV,0.582937106002534,0.25276889504164196,0.16429399895582394,0.582937106002534,0.25276889504164196,0.16429399895582394,,,,0.0,A,Brier_contrib=0.2648
backtest,WC_2018_GROUP_022,ARG vs CRO (21/06/2018),ARG,CRO,2040.0,1860.0,see wc_backtest_dataset_provenance.txt,1.95,see source_odds in backtest CSV,0.5440942447628951,0.2628538321902995,0.1930519230468053,0.5440942447628951,0.2628538321902995,0.1930519230468053,,,,0.0,B,Brier_contrib=1.0163
backtest,WC_2018_GROUP_023,BRA vs CRC (21/06/2018),BRA,CRC,2000.0,1760.0,see wc_backtest_dataset_provenance.txt,1.3,see source_odds in backtest CSV,0.6008826902132834,0.24818240213914444,0.15093490764757211,0.6008826902132834,0.24818240213914444,0.15093490764757211,,,,0.0,A,Brier_contrib=0.2437
backtest,WC_2018_GROUP_024,NGA vs ISL (21/06/2018),NGA,ISL,1740.0,1780.0,see wc_backtest_dataset_provenance.txt,2.6,see source_odds in backtest CSV,0.30711717548563533,0.30624520789704973,0.386637616617315,0.30711717548563533,0.30624520789704973,0.386637616617315,,,,0.0,A,Brier_contrib=0.7234
backtest,WC_2018_GROUP_025,BEL vs TUN (22/06/2018),BEL,TUN,1920.0,1700.0,see wc_backtest_dataset_provenance.txt,1.25,see source_odds in backtest CSV,0.582937106002534,0.25276889504164196,0.16429399895582394,0.582937106002534,0.25276889504164196,0.16429399895582394,,,,0.0,A,Brier_contrib=0.2648
backtest,WC_2018_GROUP_026,KOR vs MEX (22/06/2018),KOR,MEX,1780.0,1800.0,see wc_backtest_dataset_provenance.txt,3.6,see source_odds in backtest CSV,0.3237013014385399,0.31309986466585554,0.3631988338956045,0.3237013014385399,0.31309986466585554,0.3631988338956045,,,,0.0,A,Brier_contrib=0.6873
backtest,WC_2018_GROUP_027,GER vs SWE (22/06/2018),GER,SWE,2020.0,1820.0,see wc_backtest_dataset_provenance.txt,1.55,see source_odds in backtest CSV,0.5639899731351006,0.25766073760449015,0.1783492892604093,0.5639899731351006,0.25766073760449015,0.1783492892604093,,,,0.0,A,Brier_contrib=0.2883
backtest,WC_2018_GROUP_028,ENG vs PAN (23/06/2018),ENG,PAN,1980.0,1680.0,see wc_backtest_dataset_provenance.txt,1.15,see source_odds in backtest CSV,0.6484520189071983,0.2362350937307176,0.11531288736208409,0.6484520189071983,0.2362350937307176,0.11531288736208409,,,,0.0,A,Brier_contrib=0.1927
backtest,WC_2018_GROUP_029,JPN vs SEN (23/06/2018),JPN,SEN,1800.0,1760.0,see wc_backtest_dataset_provenance.txt,3.2,see source_odds in backtest CSV,0.386637616617315,0.30624520789704973,0.30711717548563533,0.386637616617315,0.30624520789704973,0.30711717548563533,,,,0.0,D,Brier_contrib=0.7251
backtest,WC_2018_GROUP_030,POL vs COL (23/06/2018),POL,COL,1840.0,1880.0,see wc_backtest_dataset_provenance.txt,2.8,see source_odds in backtest CSV,0.30711717548563533,0.30624520789704973,0.386637616617315,0.30711717548563533,0.30624520789704973,0.386637616617315,,,,0.0,B,Brier_contrib=0.5643
backtest,WC_2018_GROUP_031,URU vs RUS (24/06/2018),URU,RUS,1900.0,1850.0,see wc_backtest_dataset_provenance.txt,1.75,see source_odds in backtest CSV,0.39839616844263886,0.30284885182198845,0.2987549797353726,0.39839616844263886,0.30284885182198845,0.2987549797353726,,,,0.0,A,Brier_contrib=0.5429
backtest,WC_2018_GROUP_032,KSA vs EGY (24/06/2018),KSA,EGY,1680.0,1720.0,see wc_backtest_dataset_provenance.txt,3.0,see source_odds in backtest CSV,0.30711717548563533,0.30624520789704973,0.386637616617315,0.30711717548563533,0.30624520789704973,0.386637616617315,,,,0.0,A,Brier_contrib=0.7234
backtest,WC_2018_GROUP_033,ESP vs MAR (24/06/2018),ESP,MAR,2060.0,1820.0,see wc_backtest_dataset_provenance.txt,1.55,see source_odds in backtest CSV,0.6008826902132834,0.24818240213914444,0.15093490764757211,0.6008826902132834,0.24818240213914444,0.15093490764757211,,,,0.0,D,Brier_contrib=0.9491
backtest,WC_2018_GROUP_034,IRN vs POR (24/06/2018),IRN,POR,1750.0,1950.0,see wc_backtest_dataset_provenance.txt,6.5,see source_odds in backtest CSV,0.17834928926040924,0.2576607376044901,0.5639899731351007,0.17834928926040924,0.2576607376044901,0.5639899731351007,,,,0.0,D,Brier_contrib=0.9010
backtest,WC_2018_GROUP_035,AUS vs PER (25/06/2018),AUS,PER,1780.0,1780.0,see wc_backtest_dataset_provenance.txt,3.4,see source_odds in backtest CSV,0.33999999999999997,0.32,0.33999999999999997,0.33999999999999997,0.32,0.33999999999999997,,,,0.0,B,Brier_contrib=0.6536
backtest,WC_2018_GROUP_036,DEN vs FRA (25/06/2018),DEN,FRA,1920.0,2000.0,see wc_backtest_dataset_provenance.txt,4.5,see source_odds in backtest CSV,0.27357139509639233,0.29284716316324566,0.433581441740362,0.27357139509639233,0.29284716316324566,0.433581441740362,,,,0.0,D,Brier_contrib=0.7629
backtest,WC_2018_GROUP_037,NGA vs ARG (25/06/2018),NGA,ARG,1740.0,2040.0,see wc_backtest_dataset_provenance.txt,5.0,see source_odds in backtest CSV,0.11531288736208409,0.2362350937307176,0.6484520189071983,0.11531288736208409,0.2362350937307176,0.6484520189071983,,,,0.0,B,Brier_contrib=0.1927
backtest,WC_2018_GROUP_038,ISL vs CRO (25/06/2018),ISL,CRO,1780.0,1860.0,see wc_backtest_dataset_provenance.txt,4.5,see source_odds in backtest CSV,0.27357139509639233,0.29284716316324566,0.433581441740362,0.27357139509639233,0.29284716316324566,0.433581441740362,,,,0.0,B,Brier_contrib=0.4814
backtest,WC_2018_GROUP_039,MEX vs SWE (26/06/2018),MEX,SWE,1800.0,1820.0,see wc_backtest_dataset_provenance.txt,2.6,see source_odds in backtest CSV,0.3237013014385399,0.31309986466585554,0.3631988338956045,0.3237013014385399,0.31309986466585554,0.3631988338956045,,,,0.0,B,Brier_contrib=0.6083
backtest,WC_2018_GROUP_040,KOR vs GER (26/06/2018),KOR,GER,1780.0,2020.0,see wc_backtest_dataset_provenance.txt,8.0,see source_odds in backtest CSV,0.15093490764757211,0.24818240213914444,0.6008826902132834,0.15093490764757211,0.24818240213914444,0.6008826902132834,,,,0.0,A,Brier_contrib=1.1436
backtest,WC_2018_GROUP_041,SRB vs BRA (26/06/2018),SRB,BRA,1820.0,2000.0,see wc_backtest_dataset_provenance.txt,5.5,see source_odds in backtest CSV,0.19305192304680538,0.26285383219029956,0.544094244762895,0.19305192304680538,0.26285383219029956,0.544094244762895,,,,0.0,B,Brier_contrib=0.3142
backtest,WC_2018_GROUP_042,SUI vs CRC (26/06/2018),SUI,CRC,1860.0,1760.0,see wc_backtest_dataset_provenance.txt,1.75,see source_odds in backtest CSV,0.4567603688430558,0.2863844000473076,0.2568552311096366,0.4567603688430558,0.2863844000473076,0.2568552311096366,,,,0.0,D,Brier_contrib=0.7839
backtest,WC_2018_GROUP_043,JPN vs POL (27/06/2018),JPN,POL,1800.0,1840.0,see wc_backtest_dataset_provenance.txt,3.2,see source_odds in backtest CSV,0.30711717548563533,0.30624520789704973,0.386637616617315,0.30711717548563533,0.30624520789704973,0.386637616617315,,,,0.0,B,Brier_contrib=0.5643
backtest,WC_2018_GROUP_044,SEN vs COL (27/06/2018),SEN,COL,1760.0,1880.0,see wc_backtest_dataset_provenance.txt,3.6,see source_odds in backtest CSV,0.240337368217257,0.2801265381000507,0.47953609368269223,0.240337368217257,0.2801265381000507,0.47953609368269223,,,,0.0,B,Brier_contrib=0.4071
backtest,WC_2018_GROUP_045,PAN vs TUN (27/06/2018),PAN,TUN,1680.0,1700.0,see wc_backtest_dataset_provenance.txt,3.0,see source_odds in backtest CSV,0.3237013014385399,0.31309986466585554,0.3631988338956045,0.3237013014385399,0.31309986466585554,0.3631988338956045,,,,0.0,B,Brier_contrib=0.6083
backtest,WC_2018_GROUP_046,ENG vs BEL (27/06/2018),ENG,BEL,1980.0,1920.0,see wc_backtest_dataset_provenance.txt,2.6,see source_odds in backtest CSV,0.4101533487105577,0.2994803171187657,0.29036633417067664,0.4101533487105577,0.2994803171187657,0.29036633417067664,,,,0.0,B,Brier_contrib=0.7615
backtest,WC_2018_GROUP_047,POL vs JPN (28/06/2018),POL,JPN,1840.0,1800.0,see wc_backtest_dataset_provenance.txt,2.4,see source_odds in backtest CSV,0.386637616617315,0.30624520789704973,0.30711717548563533,0.386637616617315,0.30624520789704973,0.30711717548563533,,,,0.0,B,Brier_contrib=0.7234
backtest,WC_2022_GROUP_000,QAT vs ECU (20/11/2022),QAT,ECU,1893.0,1834.0,see wc_backtest_dataset_provenance.txt,3.4,see source_odds in backtest CSV,0.4089782801565536,0.2998157698847173,0.29120594995872917,0.4089782801565536,0.2998157698847173,0.29120594995872917,,,,0.0,D,Brier_contrib=0.7423
backtest,WC_2022_GROUP_001,ENG vs IRN (21/11/2022),ENG,IRN,2018.0,1772.0,see wc_backtest_dataset_provenance.txt,1.25,see source_odds in backtest CSV,0.6060654681181797,0.24686607356017776,0.14706845832164248,0.6060654681181797,0.24686607356017776,0.14706845832164248,,,,0.0,A,Brier_contrib=0.2378
backtest,WC_2022_GROUP_002,SEN vs NED (21/11/2022),SEN,NED,1792.0,1968.0,see wc_backtest_dataset_provenance.txt,4.5,see source_odds in backtest CSV,0.1960647969914078,0.2639279114206862,0.5400072915879058,0.1960647969914078,0.2639279114206862,0.5400072915879058,,,,0.0,B,Brier_contrib=0.3197
backtest,WC_2022_GROUP_003,USA vs WAL (21/11/2022),USA,WAL,1812.0,1798.0,see wc_backtest_dataset_provenance.txt,2.6,see source_odds in backtest CSV,0.3562066946464966,0.31516718671140403,0.3286261186420993,0.3562066946464966,0.31516718671140403,0.3286261186420993,,,,0.0,D,Brier_contrib=0.7039
backtest,WC_2022_GROUP_004,ARG vs KSA (22/11/2022),ARG,KSA,2065.0,1640.0,see wc_backtest_dataset_provenance.txt,1.28,see source_odds in backtest CSV,0.7186413907899691,0.21912682863863372,0.06223178057139716,0.7186413907899691,0.21912682863863372,0.06223178057139716,,,,0.0,B,Brier_contrib=1.4439
backtest,WC_2022_GROUP_005,MEX vs POL (22/11/2022),MEX,POL,1834.0,1802.0,see wc_backtest_dataset_provenance.txt,2.8,see source_odds in backtest CSV,0.37724365574243257,0.3089787385326839,0.31377760572488356,0.37724365574243257,0.3089787385326839,0.31377760572488356,,,,0.0,D,Brier_contrib=0.7183
backtest,WC_2022_GROUP_006,FRA vs AUS (22/11/2022),FRA,AUS,2034.0,1790.0,see wc_backtest_dataset_provenance.txt,1.22,see source_odds in backtest CSV,0.6043482878102384,0.2473017991630842,0.1483499130266775,0.6043482878102384,0.2473017991630842,0.1483499130266775,,,,0.0,A,Brier_contrib=0.2397
backtest,WC_2022_GROUP_007,DEN vs TUN (22/11/2022),DEN,TUN,1966.0,1698.0,see wc_backtest_dataset_provenance.txt,1.65,see source_odds in backtest CSV,0.6242619323194897,0.24227323315866264,0.1334648345218477,0.6242619323194897,0.24227323315866264,0.1334648345218477,,,,0.0,D,Brier_contrib=0.9817
backtest,WC_2022_GROUP_008,GER vs JPN (23/11/2022),GER,JPN,2012.0,1838.0,see wc_backtest_dataset_provenance.txt,1.45,see source_odds in backtest CSV,0.5379508574151132,0.26446931411854685,0.19757982846633998,0.5379508574151132,0.26446931411854685,0.19757982846633998,,,,0.0,B,Brier_contrib=1.0032
backtest,WC_2022_GROUP_009,ESP vs CRC (23/11/2022),ESP,CRC,2074.0,1712.0,see wc_backtest_dataset_provenance.txt,1.18,see source_odds in backtest CSV,0.687835295692488,0.22656259670937276,0.08560210759813928,0.687835295692488,0.22656259670937276,0.08560210759813928,,,,0.0,A,Brier_contrib=0.1561
backtest,WC_2022_GROUP_010,BEL vs CAN (23/11/2022),BEL,CAN,1896.0,1778.0,see wc_backtest_dataset_provenance.txt,1.55,see source_odds in backtest CSV,0.4772808349650421,0.28074221647008907,0.24197694856486893,0.4772808349650421,0.28074221647008907,0.24197694856486893,,,,0.0,A,Brier_contrib=0.4106
backtest,WC_2022_GROUP_011,MAR vs CRO (23/11/2022),MAR,CRO,1838.0,1898.0,see wc_backtest_dataset_provenance.txt,3.2,see source_odds in backtest CSV,0.29036633417067664,0.2994803171187657,0.4101533487105577,0.29036633417067664,0.2994803171187657,0.4101533487105577,,,,0.0,D,Brier_contrib=0.7433
backtest,WC_2022_GROUP_012,BRA vs SRB (24/11/2022),BRA,SRB,2012.0,1802.0,see wc_backtest_dataset_provenance.txt,1.35,see source_odds in backtest CSV,0.5735858728671793,0.2551767976013643,0.17123732953145634,0.5735858728671793,0.2551767976013643,0.17123732953145634,,,,0.0,A,Brier_contrib=0.2763
backtest,WC_2022_GROUP_013,SUI vs CMR (24/11/2022),SUI,CMR,1868.0,1722.0,see wc_backtest_dataset_provenance.txt,1.95,see source_odds in backtest CSV,0.5083090278844213,0.27234592965967447,0.21934504245590425,0.5083090278844213,0.27234592965967447,0.21934504245590425,,,,0.0,A,Brier_contrib=0.3640
backtest,WC_2022_GROUP_014,URU vs KOR (24/11/2022),URU,KOR,1892.0,1812.0,see wc_backtest_dataset_provenance.txt,2.1,see source_odds in backtest CSV,0.433581441740362,0.29284716316324566,0.27357139509639233,0.433581441740362,0.29284716316324566,0.27357139509639233,,,,0.0,D,Brier_contrib=0.7629
backtest,WC_2022_GROUP_015,POR vs GHA (24/11/2022),POR,GHA,1978.0,1688.0,see wc_backtest_dataset_provenance.txt,1.4,see source_odds in backtest CSV,0.6411819823386345,0.238041831938422,0.12077618572294346,0.6411819823386345,0.238041831938422,0.12077618572294346,,,,0.0,A,Brier_contrib=0.2000
backtest,WC_2022_GROUP_016,WAL vs IRN (25/11/2022),WAL,IRN,1798.0,1772.0,see wc_backtest_dataset_provenance.txt,2.2,see source_odds in backtest CSV,0.3702126110370825,0.31103664388004176,0.3187507450828757,0.3702126110370825,0.31103664388004176,0.3187507450828757,,,,0.0,B,Brier_contrib=0.6979
backtest,WC_2022_GROUP_017,QAT vs SEN (25/11/2022),QAT,SEN,1893.0,1792.0,see wc_backtest_dataset_provenance.txt,6.5,see source_odds in backtest CSV,0.4579099688666118,0.2860663731306517,0.2560236580027366,0.4579099688666118,0.2860663731306517,0.2560236580027366,,,,0.0,B,Brier_contrib=0.8450
backtest,WC_2022_GROUP_018,NED vs ECU (25/11/2022),NED,ECU,1968.0,1834.0,see wc_backtest_dataset_provenance.txt,1.75,see source_odds in backtest CSV,0.4951622763222249,0.2758840845935219,0.22895363908425312,0.4951622763222249,0.2758840845935219,0.22895363908425312,,,,0.0,D,Brier_contrib=0.8219
backtest,WC_2022_GROUP_019,ENG vs USA (25/11/2022),ENG,USA,2018.0,1812.0,see wc_backtest_dataset_provenance.txt,1.55,see source_odds in backtest CSV,0.5697764961834726,0.2561612790160427,0.17406222480048475,0.5697764961834726,0.2561612790160427,0.17406222480048475,,,,0.0,D,Brier_contrib=0.9082
backtest,WC_2022_GROUP_020,TUN vs AUS (26/11/2022),TUN,AUS,1698.0,1790.0,see wc_backtest_dataset_provenance.txt,3.0,see source_odds in backtest CSV,0.2635244784819453,0.28894674866779946,0.4475287728502552,0.2635244784819453,0.28894674866779946,0.4475287728502552,,,,0.0,B,Brier_contrib=0.4582
backtest,WC_2022_GROUP_021,POL vs KSA (26/11/2022),POL,KSA,1802.0,1640.0,see wc_backtest_dataset_provenance.txt,1.85,see source_odds in backtest CSV,0.5254364564735755,0.2677779864340325,0.206785557092392,0.5254364564735755,0.2677779864340325,0.206785557092392,,,,0.0,A,Brier_contrib=0.3397
backtest,WC_2022_GROUP_022,FRA vs DEN (26/11/2022),FRA,DEN,2034.0,1966.0,see wc_backtest_dataset_provenance.txt,1.5,see source_odds in backtest CSV,0.41954426595672095,0.29680899840661423,0.2836467356366648,0.41954426595672095,0.29680899840661423,0.2836467356366648,,,,0.0,A,Brier_contrib=0.5055
backtest,WC_2022_GROUP_023,ARG vs MEX (26/11/2022),ARG,MEX,2065.0,1834.0,see wc_backtest_dataset_provenance.txt,1.45,see source_odds in backtest CSV,0.5929337310195041,0.25020845532866287,0.15685781365183307,0.5929337310195041,0.25020845532866287,0.15685781365183307,,,,0.0,A,Brier_contrib=0.2529
backtest,WC_2022_GROUP_024,JPN vs CRC (27/11/2022),JPN,CRC,1838.0,1712.0,see wc_backtest_dataset_provenance.txt,1.7,see source_odds in backtest CSV,0.4862685095451371,0.27829371490680266,0.2354377755480602,0.4862685095451371,0.27829371490680266,0.2354377755480602,,,,0.0,B,Brier_contrib=0.8985
backtest,WC_2022_GROUP_025,BEL vs MAR (27/11/2022),BEL,MAR,1896.0,1838.0,see wc_backtest_dataset_provenance.txt,1.75,see source_odds in backtest CSV,0.40780301239777694,0.30015154760858476,0.2920454399936383,0.40780301239777694,0.30015154760858476,0.2920454399936383,,,,0.0,B,Brier_contrib=0.7576
backtest,WC_2022_GROUP_026,CRO vs CAN (27/11/2022),CRO,CAN,1898.0,1778.0,see wc_backtest_dataset_provenance.txt,1.65,see source_odds in backtest CSV,0.4795360936826923,0.2801265381000507,0.24033736821725696,0.4795360936826923,0.2801265381000507,0.24033736821725696,,,,0.0,A,Brier_contrib=0.4071
backtest,WC_2022_GROUP_027,ESP vs GER (27/11/2022),ESP,GER,2074.0,2012.0,see wc_backtest_dataset_provenance.txt,2.4,see source_odds in backtest CSV,0.41250280608211376,0.29881040675284093,0.28868678716504526,0.41250280608211376,0.29881040675284093,0.28868678716504526,,,,0.0,D,Brier_contrib=0.7452
backtest,WC_2022_GROUP_028,CMR vs BRA (28/11/2022),CMR,BRA,1722.0,2012.0,see wc_backtest_dataset_provenance.txt,8.0,see source_odds in backtest CSV,0.12077618572294344,0.238041831938422,0.6411819823386345,0.12077618572294344,0.238041831938422,0.6411819823386345,,,,0.0,A,Brier_contrib=1.2408
backtest,WC_2022_GROUP_029,SRB vs SUI (28/11/2022),SRB,SUI,1802.0,1868.0,see wc_backtest_dataset_provenance.txt,3.2,see source_odds in backtest CSV,0.28532686426666093,0.29747470754331734,0.41719842819002184,0.28532686426666093,0.29747470754331734,0.41719842819002184,,,,0.0,B,Brier_contrib=0.5096
backtest,WC_2022_GROUP_030,GHA vs URU (28/11/2022),GHA,URU,1688.0,1892.0,see wc_backtest_dataset_provenance.txt,5.5,see source_odds in backtest CSV,0.17548466924240388,0.25665807220523873,0.5678572585523574,0.17548466924240388,0.25665807220523873,0.5678572585523574,,,,0.0,B,Brier_contrib=0.2834
backtest,WC_2022_GROUP_031,KOR vs POR (28/11/2022),KOR,POR,1812.0,1978.0,see wc_backtest_dataset_provenance.txt,6.5,see source_odds in backtest CSV,0.20369549604936102,0.2666637119241991,0.52964079202644,0.20369549604936102,0.2666637119241991,0.52964079202644,,,,0.0,A,Brier_contrib=0.9857
backtest,WC_2022_GROUP_032,ECU vs SEN (29/11/2022),ECU,SEN,1834.0,1792.0,see wc_backtest_dataset_provenance.txt,2.6,see source_odds in backtest CSV,0.3889884457786628,0.3055639651443433,0.3054475890769938,0.3889884457786628,0.3055639651443433,0.3054475890769938,,,,0.0,B,Brier_contrib=0.7271
backtest,WC_2022_GROUP_033,NED vs QAT (29/11/2022),NED,QAT,1968.0,1893.0,see wc_backtest_dataset_provenance.txt,1.12,see source_odds in backtest CSV,0.4277415633847526,0.29449092229149726,0.2777675143237501,0.4277415633847526,0.29449092229149726,0.2777675143237501,,,,0.0,A,Brier_contrib=0.4914
backtest,WC_2022_GROUP_034,IRN vs USA (29/11/2022),IRN,USA,1772.0,1812.0,see wc_backtest_dataset_provenance.txt,4.5,see source_odds in backtest CSV,0.30711717548563533,0.30624520789704973,0.386637616617315,0.30711717548563533,0.30624520789704973,0.386637616617315,,,,0.0,B,Brier_contrib=0.5643
backtest,WC_2022_GROUP_035,WAL vs ENG (29/11/2022),WAL,ENG,1798.0,2018.0,see wc_backtest_dataset_provenance.txt,6.5,see source_odds in backtest CSV,0.16429399895582392,0.25276889504164196,0.582937106002534,0.16429399895582392,0.25276889504164196,0.582937106002534,,,,0.0,B,Brier_contrib=0.2648
backtest,WC_2022_GROUP_036,TUN vs FRA (30/11/2022),TUN,FRA,1698.0,2034.0,see wc_backtest_dataset_provenance.txt,9.0,see source_odds in backtest CSV,0.09720388937724647,0.23030949897318048,0.6724866116495731,0.09720388937724647,0.23030949897318048,0.6724866116495731,,,,0.0,A,Brier_contrib=1.3203
backtest,WC_2022_GROUP_037,AUS vs DEN (30/11/2022),AUS,DEN,1790.0,1966.0,see wc_backtest_dataset_provenance.txt,4.5,see source_odds in backtest CSV,0.1960647969914078,0.2639279114206862,0.5400072915879058,0.1960647969914078,0.2639279114206862,0.5400072915879058,,,,0.0,A,Brier_contrib=1.0076
backtest,WC_2022_GROUP_038,POL vs ARG (30/11/2022),POL,ARG,1802.0,2065.0,see wc_backtest_dataset_provenance.txt,5.5,see source_odds in backtest CSV,0.13647671666922043,0.24328500452127458,0.620238278809505,0.13647671666922043,0.24328500452127458,0.620238278809505,,,,0.0,B,Brier_contrib=0.2220
backtest,WC_2022_GROUP_039,KSA vs MEX (30/11/2022),KSA,MEX,1640.0,1834.0,see wc_backtest_dataset_provenance.txt,3.6,see source_odds in backtest CSV,0.18269471538031726,0.25918734133145255,0.5581179432882302,0.18269471538031726,0.25918734133145255,0.5581179432882302,,,,0.0,B,Brier_contrib=0.2958
backtest,WC_2022_GROUP_040,CRC vs GER (01/12/2022),CRC,GER,1712.0,2012.0,see wc_backtest_dataset_provenance.txt,7.0,see source_odds in backtest CSV,0.11531288736208409,0.2362350937307176,0.6484520189071983,0.11531288736208409,0.2362350937307176,0.6484520189071983,,,,0.0,B,Brier_contrib=0.1927
backtest,WC_2022_GROUP_041,JPN vs ESP (01/12/2022),JPN,ESP,1838.0,2074.0,see wc_backtest_dataset_provenance.txt,5.5,see source_odds in backtest CSV,0.15354917306945973,0.2490752239249419,0.5973756030055983,0.15354917306945973,0.2490752239249419,0.5973756030055983,,,,0.0,A,Brier_contrib=1.1354
backtest,WC_2022_GROUP_042,CAN vs MAR (01/12/2022),CAN,MAR,1778.0,1838.0,see wc_backtest_dataset_provenance.txt,4.0,see source_odds in backtest CSV,0.29036633417067664,0.2994803171187657,0.4101533487105577,0.29036633417067664,0.2994803171187657,0.4101533487105577,,,,0.0,B,Brier_contrib=0.5219
backtest,WC_2022_GROUP_043,CRO vs BEL (01/12/2022),CRO,BEL,1898.0,1896.0,see wc_backtest_dataset_provenance.txt,3.4,see source_odds in backtest CSV,0.3423045478277189,0.31930923210204537,0.33838622007023567,0.3423045478277189,0.31930923210204537,0.33838622007023567,,,,0.0,D,Brier_contrib=0.6950
backtest,FD_07092023_0888,Paraguay vs Peru (07/09/2023),PAR,PER,1834.0,1760.0,see wc_backtest_dataset_provenance.txt,1.83,see source_odds in backtest CSV,0.42657193368822094,0.29482090351809037,0.27860716279368863,0.42657193368822094,0.29482090351809037,0.27860716279368863,,,,0.0,D,Brier_contrib=0.7569
backtest,FD_08092023_0886,Argentina vs Ecuador (08/09/2023),ARG,ECU,2115.0,1890.0,see wc_backtest_dataset_provenance.txt,1.33,see source_odds in backtest CSV,0.5875190473914557,0.2515935831204387,0.1608873694881056,0.5875190473914557,0.2515935831204387,0.1608873694881056,,,,0.0,A,Brier_contrib=0.2593
backtest,FD_09092023_0885,Uruguay vs Chile (09/09/2023),URU,CHI,1892.0,1820.0,see wc_backtest_dataset_provenance.txt,1.63,see source_odds in backtest CSV,0.42423118078003613,0.29548205763806795,0.28028676158189597,0.42423118078003613,0.29548205763806795,0.28028676158189597,,,,0.0,A,Brier_contrib=0.4974
backtest,FD_12092023_0882,Ecuador vs Uruguay (12/09/2023),ECU,URU,1885.7,1900.0,see wc_backtest_dataset_provenance.txt,1.96,see source_odds in backtest CSV,0.32838053714341997,0.3150637420657399,0.3565557207908402,0.32838053714341997,0.3150637420657399,0.3565557207908402,,,,0.0,A,Brier_contrib=0.6775
backtest,FD_13092023_0879,Chile vs Colombia (13/09/2023),CHI,COL,1812.0,1982.0,see wc_backtest_dataset_provenance.txt,3.3,see source_odds in backtest CSV,0.20062670791965448,0.2655607826535845,0.5338125094267611,0.20062670791965448,0.2655607826535845,0.5338125094267611,,,,0.0,D,Brier_contrib=0.8646
backtest,FD_13092023_0880,Peru vs Brazil (13/09/2023),PER,BRA,1762.1,1991.0,see wc_backtest_dataset_provenance.txt,12.81,see source_odds in backtest CSV,0.15826085506885879,0.2506901163959515,0.5910490285351897,0.15826085506885879,0.2506901163959515,0.5910490285351897,,,,0.0,B,Brier_contrib=0.2551
backtest,FD_12102023_0871,Colombia vs Uruguay (12/10/2023),COL,URU,1977.5,1889.5,see wc_backtest_dataset_provenance.txt,2.11,see source_odds in backtest CSV,0.44289175156779953,0.2902395779317599,0.26686867050044055,0.44289175156779953,0.2902395779317599,0.26686867050044055,,,,0.0,D,Brier_contrib=0.7711
backtest,FD_13102023_0864,Argentina vs Paraguay (13/10/2023),ARG,PAR,2119.3,1831.9,see wc_backtest_dataset_provenance.txt,1.22,see source_odds in backtest CSV,0.6392488171515013,0.23852340024009444,0.12222778260840426,0.6392488171515013,0.23852340024009444,0.12222778260840426,,,,0.0,A,Brier_contrib=0.2020
backtest,FD_13102023_0867,Chile vs Peru (13/10/2023),CHI,PER,1816.6,1757.9,see wc_backtest_dataset_provenance.txt,1.67,see source_odds in backtest CSV,0.40862571981058,0.29991646931290056,0.2914578108765194,0.40862571981058,0.29991646931290056,0.2914578108765194,,,,0.0,A,Brier_contrib=0.5246
backtest,FD_18102023_0849,Ecuador vs Colombia (18/10/2023),ECU,COL,1896.1,1975.0,see wc_backtest_dataset_provenance.txt,2.04,see source_odds in backtest CSV,0.2744941840527049,0.2932078947766895,0.43229792117060556,0.2744941840527049,0.2932078947766895,0.43229792117060556,,,,0.0,D,Brier_contrib=0.7618
backtest,FD_18102023_0850,Peru vs Argentina (18/10/2023),PER,ARG,1749.5,2122.5,see wc_backtest_dataset_provenance.txt,10.34,see source_odds in backtest CSV,0.08105176172677854,0.22510324463184114,0.6938449936413803,0.08105176172677854,0.22510324463184114,0.6938449936413803,,,,0.0,B,Brier_contrib=0.1510
backtest,FD_18102023_0851,Uruguay vs Brazil (18/10/2023),URU,BRA,1892.0,1995.2,see wc_backtest_dataset_provenance.txt,4.15,see source_odds in backtest CSV,0.2541960190351437,0.28536854030220454,0.4604354406626517,0.2541960190351437,0.28536854030220454,0.4604354406626517,,,,0.0,A,Brier_contrib=0.8497
backtest,FD_17112023_0804,Argentina vs Uruguay (17/11/2023),ARG,URU,2124.6,1904.9,see wc_backtest_dataset_provenance.txt,1.57,see source_odds in backtest CSV,0.5826601892723696,0.2528400215928502,0.16449978913478025,0.5826601892723696,0.2528400215928502,0.16449978913478025,,,,0.0,B,Brier_contrib=1.1015
backtest,FD_17112023_0807,Chile vs Paraguay (17/11/2023),CHI,PAR,1824.9,1828.7,see wc_backtest_dataset_provenance.txt,1.7,see source_odds in backtest CSV,0.33693050706204514,0.3186875788289661,0.3443819141089888,0.33693050706204514,0.3186875788289661,0.3443819141089888,,,,0.0,D,Brier_contrib=0.6963
backtest,FD_17112023_0808,Colombia vs Brazil (17/11/2023),COL,BRA,1972.8,1982.3,see wc_backtest_dataset_provenance.txt,3.57,see source_odds in backtest CSV,0.3323009753443862,0.3167196337242072,0.3509793909314067,0.3323009753443862,0.3167196337242072,0.3509793909314067,,,,0.0,A,Brier_contrib=0.6693
backtest,FD_21112023_0762,Ecuador vs Chile (21/11/2023),ECU,CHI,1898.3,1825.0,see wc_backtest_dataset_provenance.txt,1.59,see source_odds in backtest CSV,0.42575289149627316,0.29505212795084435,0.2791949805528825,0.42575289149627316,0.29505212795084435,0.2791949805528825,,,,0.0,A,Brier_contrib=0.4948
backtest,FD_21112023_0767,Jordan vs Saudi Arabia (21/11/2023),JOR,KSA,1680.0,1576.0,see wc_backtest_dataset_provenance.txt,3.57,see source_odds in backtest CSV,0.46135252071520194,0.2851154118945482,0.2535320673902498,0.46135252071520194,0.2851154118945482,0.2535320673902498,,,,0.0,B,Brier_contrib=0.8514
backtest,FD_21112023_0778,Paraguay vs Colombia (21/11/2023),PAR,COL,1828.6,1983.0,see wc_backtest_dataset_provenance.txt,3.32,see source_odds in backtest CSV,0.2127129053984247,0.26992591330978727,0.517361181291788,0.2127129053984247,0.26992591330978727,0.517361181291788,,,,0.0,B,Brier_contrib=0.3510
backtest,FD_22112023_0753,Brazil vs Argentina (22/11/2023),BRA,ARG,1972.1,2109.0,see wc_backtest_dataset_provenance.txt,2.46,see source_odds in backtest CSV,0.22661802832215716,0.2750205034118579,0.49836146826598493,0.22661802832215716,0.2750205034118579,0.49836146826598493,,,,0.0,B,Brier_contrib=0.3786
backtest,FD_07062024_0674,Nigeria vs South Africa (07/06/2024),NGA,RSA,1740.0,1680.0,see wc_backtest_dataset_provenance.txt,1.58,see source_odds in backtest CSV,0.4101533487105577,0.2994803171187657,0.29036633417067664,0.4101533487105577,0.2994803171187657,0.29036633417067664,,,,0.0,D,Brier_contrib=0.7433
backtest,FD_08062024_0662,Cameroon vs Cape Verde (08/06/2024),CMR,CPV,1720.0,1578.0,see wc_backtest_dataset_provenance.txt,1.84,see source_odds in backtest CSV,0.5039539352898641,0.2735149000587283,0.22253116465140768,0.5039539352898641,0.2735149000587283,0.22253116465140768,,,,0.0,A,Brier_contrib=0.3704
backtest,FD_11062024_0627,Saudi Arabia vs Jordan (11/06/2024),KSA,JOR,1588.9,1667.1,see wc_backtest_dataset_provenance.txt,1.84,see source_odds in backtest CSV,0.27508152860310814,0.2934377173635771,0.43148075403331476,0.27508152860310814,0.2934377173635771,0.43148075403331476,,,,0.0,B,Brier_contrib=0.4850
backtest,FD_06092024_0590,Argentina vs Chile (06/09/2024),ARG,CHI,2115.3,1817.1,see wc_backtest_dataset_provenance.txt,1.31,see source_odds in backtest CSV,0.6471627165851906,0.23655501659398126,0.11628226682082814,0.6471627165851906,0.23655501659398126,0.11628226682082814,,,,0.0,A,Brier_contrib=0.1940
backtest,FD_07092024_0587,Brazil vs Ecuador (07/09/2024),BRA,ECU,1965.8,1906.3,see wc_backtest_dataset_provenance.txt,1.35,see source_odds in backtest CSV,0.4095658406180502,0.2996480025641224,0.29078615681782743,0.4095658406180502,0.2996480025641224,0.29078615681782743,,,,0.0,A,Brier_contrib=0.5230
backtest,FD_07092024_0588,Peru vs Colombia (07/09/2024),PER,COL,1747.5,1988.9,see wc_backtest_dataset_provenance.txt,5.34,see source_odds in backtest CSV,0.15002681883740526,0.2478728021310726,0.6021003790315222,0.15002681883740526,0.2478728021310726,0.6021003790315222,,,,0.0,D,Brier_contrib=0.9507
backtest,FD_07092024_0589,Uruguay vs Paraguay (07/09/2024),URU,PAR,1920.5,1822.8,see wc_backtest_dataset_provenance.txt,1.51,see source_odds in backtest CSV,0.4541124850518745,0.28711780307750023,0.25876971187062525,0.4541124850518745,0.28711780307750023,0.25876971187062525,,,,0.0,D,Brier_contrib=0.7814
backtest,FD_10092024_0577,Colombia vs Argentina (10/09/2024),COL,ARG,1982.8,2118.3,see wc_backtest_dataset_provenance.txt,2.82,see source_odds in backtest CSV,0.22774453309732856,0.27543673643395633,0.49681873046871516,0.22774453309732856,0.27543673643395633,0.49681873046871516,,,,0.0,A,Brier_contrib=0.9191
backtest,FD_10092024_0578,Ecuador vs Peru (10/09/2024),ECU,PER,1898.0,1753.5,see wc_backtest_dataset_provenance.txt,1.39,see source_odds in backtest CSV,0.5066791478159334,0.2727830554687982,0.2205377967152684,0.5066791478159334,0.2727830554687982,0.2205377967152684,,,,0.0,A,Brier_contrib=0.3664
backtest,FD_11092024_0573,Paraguay vs Brazil (11/09/2024),PAR,BRA,1825.5,1974.1,see wc_backtest_dataset_provenance.txt,7.42,see source_odds in backtest CSV,0.21728354391545832,0.27159179446869786,0.5111246616158438,0.21728354391545832,0.27159179446869786,0.5111246616158438,,,,0.0,A,Brier_contrib=0.9477
backtest,FD_10102024_0562,Ecuador vs Paraguay (10/10/2024),ECU,PAR,1904.0,1839.5,see wc_backtest_dataset_provenance.txt,1.52,see source_odds in backtest CSV,0.4154381419111245,0.2979749366937197,0.28658692139515585,0.4154381419111245,0.2979749366937197,0.28658692139515585,,,,0.0,D,Brier_contrib=0.7476
backtest,FD_10102024_0564,Jordan vs South Korea (10/10/2024),JOR,KOR,1674.9,1800.0,see wc_backtest_dataset_provenance.txt,4.31,see source_odds in backtest CSV,0.23617081033658108,0.2785672612828299,0.4852619283805891,0.23617081033658108,0.2785672612828299,0.4852619283805891,,,,0.0,B,Brier_contrib=0.3983
backtest,FD_10102024_0568,Saudi Arabia vs Japan (10/10/2024),KSA,JPN,1581.1,1906.0,see wc_backtest_dataset_provenance.txt,5.31,see source_odds in backtest CSV,0.10252997194529022,0.2320423845969072,0.6654276434578026,0.10252997194529022,0.2320423845969072,0.6654276434578026,,,,0.0,B,Brier_contrib=0.1763
backtest,FD_11102024_0557,Chile vs Brazil (11/10/2024),CHI,BRA,1814.0,1960.1,see wc_backtest_dataset_provenance.txt,6.35,see source_odds in backtest CSV,0.21926561391048469,0.27231684104689835,0.5084175450426169,0.21926561391048469,0.27231684104689835,0.5084175450426169,,,,0.0,B,Brier_contrib=0.3639
backtest,FD_12102024_0556,Peru vs Uruguay (12/10/2024),PER,URU,1747.4,1917.8,see wc_backtest_dataset_provenance.txt,4.66,see source_odds in backtest CSV,0.20032102378878439,0.2654511182342829,0.5342278579769326,0.20032102378878439,0.2654511182342829,0.5342278579769326,,,,0.0,A,Brier_contrib=0.9954
backtest,FD_15102024_0547,Colombia vs Chile (15/10/2024),COL,CHI,1996.6,1808.0,see wc_backtest_dataset_provenance.txt,1.33,see source_odds in backtest CSV,0.5527614663159536,0.2605843364491924,0.18665419723485394,0.5527614663159536,0.2605843364491924,0.18665419723485394,,,,0.0,A,Brier_contrib=0.3028
backtest,FD_15102024_0548,Iran vs Qatar (15/10/2024),IRN,QAT,1772.0,1421.0,see wc_backtest_dataset_provenance.txt,1.67,see source_odds in backtest CSV,0.6815410219494,0.22809569500983629,0.0903632830407637,0.6815410219494,0.22809569500983629,0.0903632830407637,,,,0.0,A,Brier_contrib=0.1616
backtest,FD_15102024_0549,Japan vs Australia (15/10/2024),JPN,AUS,1908.7,1777.0,see wc_backtest_dataset_provenance.txt,1.33,see source_odds in backtest CSV,0.4926154238314871,0.27657277742615205,0.23081179874236085,0.4926154238314871,0.27657277742615205,0.23081179874236085,,,,0.0,D,Brier_contrib=0.8193
backtest,FD_15102024_0554,South Korea vs Iraq (15/10/2024),KOR,IRQ,1806.5,1607.0,see wc_backtest_dataset_provenance.txt,1.46,see source_odds in backtest CSV,0.563503879858935,0.25778692016977234,0.17870919997129264,0.563503879858935,0.25778692016977234,0.17870919997129264,,,,0.0,A,Brier_contrib=0.2889
backtest,FD_16102024_0543,Brazil vs Peru (16/10/2024),BRA,PER,1966.1,1761.9,see wc_backtest_dataset_provenance.txt,1.19,see source_odds in backtest CSV,0.5680496163291823,0.2566082565269384,0.17534212714387934,0.5680496163291823,0.2566082565269384,0.17534212714387934,,,,0.0,A,Brier_contrib=0.2832
backtest,FD_16102024_0545,Uruguay vs Ecuador (16/10/2024),URU,ECU,1903.2,1902.2,see wc_backtest_dataset_provenance.txt,1.74,see source_odds in backtest CSV,0.34115178641752497,0.31965461318980337,0.33919360039267166,0.34115178641752497,0.31965461318980337,0.33919360039267166,,,,0.0,D,Brier_contrib=0.6943
backtest,FD_14112024_0530,Australia vs Saudi Arabia (14/11/2024),AUS,KSA,1780.6,1578.4,see wc_backtest_dataset_provenance.txt,1.93,see source_odds in backtest CSV,0.5661217151124476,0.25710777536559615,0.17677050952195628,0.5661217151124476,0.25710777536559615,0.17677050952195628,,,,0.0,D,Brier_contrib=0.9036
backtest,FD_14112024_0532,Iraq vs Jordan (14/11/2024),IRQ,JOR,1602.2,1668.3,see wc_backtest_dataset_provenance.txt,2.13,see source_odds in backtest CSV,0.28524285847646136,0.2974413875533382,0.41731575397020043,0.28524285847646136,0.2974413875533382,0.41731575397020043,,,,0.0,D,Brier_contrib=0.7491
backtest,FD_14112024_0537,Paraguay vs Argentina (14/11/2024),PAR,ARG,1841.4,2104.6,see wc_backtest_dataset_provenance.txt,4.85,see source_odds in backtest CSV,0.1363553346048088,0.24324417356566427,0.620400491829527,0.1363553346048088,0.24324417356566427,0.620400491829527,,,,0.0,A,Brier_contrib=1.1899
backtest,FD_16112024_0524,Peru vs Chile (16/11/2024),PER,CHI,1757.2,1803.0,see wc_backtest_dataset_provenance.txt,2.21,see source_odds in backtest CSV,0.30227120931635393,0.3042722370759298,0.3934565536077162,0.30227120931635393,0.3042722370759298,0.3934565536077162,,,,0.0,D,Brier_contrib=0.7302
backtest,FD_16112024_0525,Uruguay vs Colombia (16/11/2024),URU,COL,1903.2,2001.6,see wc_backtest_dataset_provenance.txt,2.21,see source_odds in backtest CSV,0.25818677607158225,0.28689430899004686,0.4549189149383709,0.25818677607158225,0.28689430899004686,0.4549189149383709,,,,0.0,A,Brier_contrib=0.8395
backtest,FD_19112024_0512,Colombia vs Ecuador (19/11/2024),COL,ECU,1988.8,1902.2,see wc_backtest_dataset_provenance.txt,1.69,see source_odds in backtest CSV,0.4412657758333518,0.290693831630613,0.2680403925360352,0.4412657758333518,0.290693831630613,0.2680403925360352,,,,0.0,B,Brier_contrib=0.8150
backtest,FD_20112024_0506,Argentina vs Peru (20/11/2024),ARG,PER,2088.2,1758.5,see wc_backtest_dataset_provenance.txt,1.15,see source_odds in backtest CSV,0.6685180876816995,0.23128296423839706,0.10019894807990339,0.6685180876816995,0.23128296423839706,0.10019894807990339,,,,0.0,A,Brier_contrib=0.1734
backtest,FD_20112024_0507,Brazil vs Uruguay (20/11/2024),BRA,URU,1970.8,1916.0,see wc_backtest_dataset_provenance.txt,1.6,see source_odds in backtest CSV,0.40404105642169763,0.301228160520305,0.2947307830579974,0.40404105642169763,0.301228160520305,0.2947307830579974,,,,0.0,D,Brier_contrib=0.7384
backtest,FD_20032025_0496,Paraguay vs Chile (20/03/2025),PAR,CHI,1857.8,1801.7,see wc_backtest_dataset_provenance.txt,1.87,see source_odds in backtest CSV,0.4055695284718821,0.3007904022648674,0.2936400692632505,0.4055695284718821,0.3007904022648674,0.2936400692632505,,,,0.0,A,Brier_contrib=0.5300
backtest,FD_21032025_0464,Brazil vs Colombia (21/03/2025),BRA,COL,1969.3,1976.4,see wc_backtest_dataset_provenance.txt,1.62,see source_odds in backtest CSV,0.3342538229517375,0.3175480881785663,0.3481980888696962,0.3342538229517375,0.3175480881785663,0.3481980888696962,,,,0.0,A,Brier_contrib=0.6653
backtest,FD_21032025_0483,Uruguay vs Argentina (21/03/2025),URU,ARG,1917.5,2090.8,see wc_backtest_dataset_provenance.txt,2.63,see source_odds in backtest CSV,0.19811142361864165,0.26465948897944647,0.5372290874019119,0.19811142361864165,0.26465948897944647,0.5372290874019119,,,,0.0,B,Brier_contrib=0.3234
backtest,FD_25032025_0420,Japan vs Saudi Arabia (25/03/2025),JPN,KSA,1905.1,1583.7,see wc_backtest_dataset_provenance.txt,1.45,see source_odds in backtest CSV,0.66313748228049,0.2326059133028822,0.10425660441662785,0.66313748228049,0.2326059133028822,0.10425660441662785,,,,0.0,D,Brier_contrib=1.0395
backtest,FD_25032025_0434,South Korea vs Jordan (25/03/2025),KOR,JOR,1811.4,1666.5,see wc_backtest_dataset_provenance.txt,1.48,see source_odds in backtest CSV,0.5071141703962077,0.2726663427651684,0.22021948683862397,0.5071141703962077,0.2726663427651684,0.22021948683862397,,,,0.0,D,Brier_contrib=0.8347
backtest,FD_26032025_0402,Argentina vs Brazil (26/03/2025),ARG,BRA,2096.2,1979.5,see wc_backtest_dataset_provenance.txt,2.31,see source_odds in backtest CSV,0.4758120481084319,0.2811436550008378,0.24304429689073026,0.4758120481084319,0.2811436550008378,0.24304429689073026,,,,0.0,A,Brier_contrib=0.4129
backtest,FD_26032025_0403,Chile vs Ecuador (26/03/2025),CHI,ECU,1793.3,1914.7,see wc_backtest_dataset_provenance.txt,2.89,see source_odds in backtest CSV,0.23919151156458557,0.279696960325851,0.4811115281095634,0.23919151156458557,0.279696960325851,0.4811115281095634,,,,0.0,D,Brier_contrib=0.8075
backtest,FD_26032025_0404,Colombia vs Paraguay (26/03/2025),COL,PAR,1966.2,1866.2,see wc_backtest_dataset_provenance.txt,1.43,see source_odds in backtest CSV,0.4567603688430558,0.2863844000473076,0.2568552311096366,0.4567603688430558,0.2863844000473076,0.2568552311096366,,,,0.0,D,Brier_contrib=0.7839
backtest,FD_05062025_0387,Australia vs Japan (05/06/2025),AUS,JPN,1775.4,1897.8,see wc_backtest_dataset_provenance.txt,2.58,see source_odds in backtest CSV,0.23837399896278863,0.2793908294372559,0.48223517159995544,0.23837399896278863,0.2793908294372559,0.48223517159995544,,,,0.0,A,Brier_contrib=0.8907
backtest,FD_05062025_0392,Iraq vs South Korea (05/06/2025),IRQ,KOR,1604.1,1807.4,see wc_backtest_dataset_provenance.txt,3.65,see source_odds in backtest CSV,0.17598408560567055,0.2568326655192265,0.5671832488751029,0.17598408560567055,0.2568326655192265,0.5671832488751029,,,,0.0,B,Brier_contrib=0.2843
backtest,FD_05062025_0396,Qatar vs Iran (05/06/2025),QAT,IRN,1418.7,1774.3,see wc_backtest_dataset_provenance.txt,2.71,see source_odds in backtest CSV,0.08834628901319119,0.22744545280343964,0.6842082581833692,0.08834628901319119,0.22744545280343964,0.6842082581833692,,,,0.0,A,Brier_contrib=1.3510
backtest,FD_06062025_0375,Chile vs Argentina (06/06/2025),CHI,ARG,1796.6,2103.0,see wc_backtest_dataset_provenance.txt,5.04,see source_odds in backtest CSV,0.11191590778224153,0.23511620735875097,0.6529678848590075,0.11191590778224153,0.23511620735875097,0.6529678848590075,,,,0.0,B,Brier_contrib=0.1882
backtest,FD_06062025_0376,Colombia vs Peru (06/06/2025),COL,PER,1963.4,1755.9,see wc_backtest_dataset_provenance.txt,1.3,see source_odds in backtest CSV,0.5712095743689812,0.25579067453512366,0.17299975109589508,0.5712095743689812,0.25579067453512366,0.17299975109589508,,,,0.0,D,Brier_contrib=0.9101
backtest,FD_06062025_0378,Ecuador vs Brazil (06/06/2025),ECU,BRA,1911.3,1972.7,see wc_backtest_dataset_provenance.txt,3.98,see source_odds in backtest CSV,0.2891906902327421,0.2990112388408134,0.4117980709264445,0.2891906902327421,0.2990112388408134,0.4117980709264445,,,,0.0,D,Brier_contrib=0.7446
backtest,FD_06062025_0382,Norway vs Italy (06/06/2025),NOR,ITA,1914.0,1980.0,see wc_backtest_dataset_provenance.txt,2.63,see source_odds in backtest CSV,0.28532686426666093,0.29747470754331734,0.41719842819002184,0.28532686426666093,0.29747470754331734,0.41719842819002184,,,,0.0,A,Brier_contrib=0.7733
backtest,FD_06062025_0383,Paraguay vs Uruguay (06/06/2025),PAR,URU,1869.0,1912.1,see wc_backtest_dataset_provenance.txt,2.78,see source_odds in backtest CSV,0.30452864864461127,0.3051896807686453,0.39028167058674346,0.30452864864461127,0.3051896807686453,0.39028167058674346,,,,0.0,A,Brier_contrib=0.7291
backtest,FD_07062025_0369,Finland vs Netherlands (07/06/2025),FIN,NED,1680.0,1944.0,see wc_backtest_dataset_provenance.txt,12.78,see source_odds in backtest CSV,0.13587056122514696,0.24308115025125848,0.6210482885235946,0.13587056122514696,0.24308115025125848,0.6210482885235946,,,,0.0,B,Brier_contrib=0.2212
backtest,FD_09062025_0352,Belgium vs Wales (09/06/2025),BEL,WAL,1894.0,1780.0,see wc_backtest_dataset_provenance.txt,1.37,see source_odds in backtest CSV,0.4727544552384904,0.281980514979941,0.24526502978156858,0.4727544552384904,0.281980514979941,0.24526502978156858,,,,0.0,A,Brier_contrib=0.4177
backtest,FD_09062025_0353,Croatia vs Czech Republic (09/06/2025),CRO,CZE,1880.0,1712.0,see wc_backtest_dataset_provenance.txt,2.01,see source_odds in backtest CSV,0.5317307756737442,0.2661108217177913,0.2021584026084645,0.5317307756737442,0.2661108217177913,0.2021584026084645,,,,0.0,A,Brier_contrib=0.3310
backtest,FD_10062025_0335,Finland vs Poland (10/06/2025),FIN,POL,1676.4,1820.0,see wc_backtest_dataset_provenance.txt,3.24,see source_odds in backtest CSV,0.2212546320803486,0.27304604559553597,0.5056993223241155,0.2212546320803486,0.27304604559553597,0.5056993223241155,,,,0.0,A,Brier_contrib=0.9367
backtest,FD_10062025_0339,Jordan vs Iraq (10/06/2025),JOR,IRQ,1670.4,1599.3,see wc_backtest_dataset_provenance.txt,2.19,see source_odds in backtest CSV,0.4231772264805524,0.29578008727155136,0.28104268624789625,0.4231772264805524,0.29578008727155136,0.28104268624789625,,,,0.0,B,Brier_contrib=0.7835
backtest,FD_10062025_0348,Saudi Arabia vs Australia (10/06/2025),KSA,AUS,1591.0,1788.8,see wc_backtest_dataset_provenance.txt,1.94,see source_odds in backtest CSV,0.17993591656084126,0.2582173497302736,0.5618467337088852,0.17993591656084126,0.2582173497302736,0.5618467337088852,,,,0.0,B,Brier_contrib=0.2910
backtest,FD_11062025_0320,Argentina vs Colombia (11/06/2025),ARG,COL,2105.9,1958.0,see wc_backtest_dataset_provenance.txt,1.65,see source_odds in backtest CSV,0.5103678013416894,0.27179438611056483,0.2178378125477458,0.5103678013416894,0.27179438611056483,0.2178378125477458,,,,0.0,D,Brier_contrib=0.8382
backtest,FD_11062025_0321,Brazil vs Paraguay (11/06/2025),BRA,PAR,1971.0,1880.2,see wc_backtest_dataset_provenance.txt,1.37,see source_odds in backtest CSV,0.44613905344910526,0.2893338034767701,0.26452714307412467,0.44613905344910526,0.2893338034767701,0.26452714307412467,,,,0.0,A,Brier_contrib=0.4605
backtest,FD_11062025_0329,Peru vs Ecuador (11/06/2025),PER,ECU,1761.3,1913.1,see wc_backtest_dataset_provenance.txt,3.41,see source_odds in backtest CSV,0.21475692352756104,0.27066986418885786,0.5145732122835811,0.21475692352756104,0.27066986418885786,0.5145732122835811,,,,0.0,D,Brier_contrib=0.8428
backtest,FD_04092025_0314,Netherlands vs Poland (04/09/2025),NED,POL,1947.6,1806.1,see wc_backtest_dataset_provenance.txt,1.26,see source_odds in backtest CSV,0.5034075973353144,0.27366176126117603,0.22293064140350966,0.5034075973353144,0.27366176126117603,0.22293064140350966,,,,0.0,D,Brier_contrib=0.8307
backtest,FD_05092025_0272,Brazil vs Chile (05/09/2025),BRA,CHI,1978.4,1793.7,see wc_backtest_dataset_provenance.txt,1.18,see source_odds in backtest CSV,0.5488515006008527,0.26160676254529597,0.1895417368538512,0.5488515006008527,0.26160676254529597,0.1895417368538512,,,,0.0,A,Brier_contrib=0.3079
backtest,FD_05092025_0275,Denmark vs Scotland (05/09/2025),DEN,SCO,1920.0,1760.0,see wc_backtest_dataset_provenance.txt,1.44,see source_odds in backtest CSV,0.5233223000795786,0.2683393397481923,0.20833836017222912,0.5233223000795786,0.2683393397481923,0.20833836017222912,,,,0.0,D,Brier_contrib=0.8526
backtest,FD_05092025_0291,Paraguay vs Ecuador (05/09/2025),PAR,ECU,1872.8,1908.9,see wc_backtest_dataset_provenance.txt,2.38,see source_odds in backtest CSV,0.3103679539632321,0.30757617906739493,0.3820558669693729,0.3103679539632321,0.30757617906739493,0.3820558669693729,,,,0.0,D,Brier_contrib=0.7217
backtest,FD_05092025_0298,Ukraine vs France (05/09/2025),UKR,FRA,1820.0,2063.0,see wc_backtest_dataset_provenance.txt,9.25,see source_odds in backtest CSV,0.14899340576238634,0.24752080541253604,0.6034857888250776,0.14899340576238634,0.24752080541253604,0.6034857888250776,,,,0.0,B,Brier_contrib=0.2407
backtest,FD_05092025_0299,Uruguay vs Peru (05/09/2025),URU,PER,1900.9,1765.4,see wc_backtest_dataset_provenance.txt,1.42,see source_odds in backtest CSV,0.49681873046871494,0.2754367364339564,0.22774453309732867,0.49681873046871494,0.2754367364339564,0.22774453309732867,,,,0.0,A,Brier_contrib=0.3809
backtest,FD_06092025_0263,Ireland vs Hungary (06/09/2025),IRL,HUN,1720.0,1720.0,see wc_backtest_dataset_provenance.txt,2.65,see source_odds in backtest CSV,0.33999999999999997,0.32,0.33999999999999997,0.33999999999999997,0.32,0.33999999999999997,,,,0.0,D,Brier_contrib=0.6936
backtest,FD_07092025_0257,Poland vs Finland (07/09/2025),POL,FIN,1809.9,1690.3,see wc_backtest_dataset_provenance.txt,1.41,see source_odds in backtest CSV,0.4790854751996821,0.28024948658594645,0.24066503821437155,0.4790854751996821,0.28024948658594645,0.24066503821437155,,,,0.0,A,Brier_contrib=0.4078
backtest,FD_07092025_0258,Turkey vs Spain (07/09/2025),TUR,ESP,1911.0,2157.0,see wc_backtest_dataset_provenance.txt,6.03,see source_odds in backtest CSV,0.1470684583216425,0.24686607356017776,0.6060654681181797,0.1470684583216425,0.24686607356017776,0.6060654681181797,,,,0.0,B,Brier_contrib=0.2378
backtest,FD_08092025_0238,Greece vs Denmark (08/09/2025),GRE,DEN,1740.0,1915.7,see wc_backtest_dataset_provenance.txt,2.32,see source_odds in backtest CSV,0.1962916898032857,0.2640089369533597,0.5396993732433546,0.1962916898032857,0.2640089369533597,0.5396993732433546,,,,0.0,B,Brier_contrib=0.3201
backtest,FD_09092025_0212,Bosnia & Herzegovina vs Austria (09/09/2025),BIH,AUT,1595.0,1830.0,see wc_backtest_dataset_provenance.txt,5.04,see source_odds in backtest CSV,0.1542072864597725,0.24930034039130494,0.5964923731489225,0.1542072864597725,0.24930034039130494,0.5964923731489225,,,,0.0,B,Brier_contrib=0.2487
backtest,FD_09092025_0214,Cape Verde vs Cameroon (09/09/2025),CPV,CMR,1571.9,1726.1,see wc_backtest_dataset_provenance.txt,2.81,see source_odds in backtest CSV,0.21286985046697524,0.26998297636648205,0.5171471731665427,0.21286985046697524,0.26998297636648205,0.5171471731665427,,,,0.0,A,Brier_contrib=0.9599
backtest,FD_09092025_0218,France vs Iceland (09/09/2025),FRA,ISL,2067.0,1760.0,see wc_backtest_dataset_provenance.txt,1.07,see source_odds in backtest CSV,0.6533857951025234,0.23501279313305015,0.11160141176442649,0.6533857951025234,0.23501279313305015,0.11160141176442649,,,,0.0,A,Brier_contrib=0.1878
backtest,FD_09092025_0221,Hungary vs Portugal (09/09/2025),HUN,POR,1720.0,1989.0,see wc_backtest_dataset_provenance.txt,6.31,see source_odds in backtest CSV,0.13286813329240837,0.2420731247729196,0.6250587419346721,0.13286813329240837,0.2420731247729196,0.6250587419346721,,,,0.0,B,Brier_contrib=0.2168
backtest,FD_09092025_0227,Serbia vs England (09/09/2025),SRB,ENG,1780.0,2024.0,see wc_backtest_dataset_provenance.txt,4.23,see source_odds in backtest CSV,0.1483499130266775,0.2473017991630842,0.6043482878102384,0.1483499130266775,0.2473017991630842,0.6043482878102384,,,,0.0,B,Brier_contrib=0.2397
backtest,FD_09092025_0229,South Africa vs Nigeria (09/09/2025),RSA,NGA,1681.7,1738.3,see wc_backtest_dataset_provenance.txt,2.77,see source_odds in backtest CSV,0.2932204853527809,0.3006221726391004,0.40615734200811865,0.2932204853527809,0.3006221726391004,0.40615734200811865,,,,0.0,D,Brier_contrib=0.7401
backtest,FD_10092025_0199,Chile vs Uruguay (10/09/2025),CHI,URU,1788.6,1907.2,see wc_backtest_dataset_provenance.txt,4.38,see source_odds in backtest CSV,0.2414847534010499,0.2805572677556304,0.47795797884331964,0.2414847534010499,0.2805572677556304,0.47795797884331964,,,,0.0,D,Brier_contrib=0.8044
backtest,FD_10092025_0202,Ecuador vs Argentina (10/09/2025),ECU,ARG,1907.9,2101.9,see wc_backtest_dataset_provenance.txt,3.23,see source_odds in backtest CSV,0.18269471538031726,0.25918734133145255,0.5581179432882302,0.18269471538031726,0.25918734133145255,0.5581179432882302,,,,0.0,A,Brier_contrib=1.0467
backtest,FD_10092025_0205,Peru vs Paraguay (10/09/2025),PER,PAR,1759.1,1873.8,see wc_backtest_dataset_provenance.txt,2.65,see source_odds in backtest CSV,0.24468878509714134,0.28176315176163824,0.4735480631412204,0.24468878509714134,0.28176315176163824,0.4735480631412204,,,,0.0,B,Brier_contrib=0.4164
backtest,FD_09102025_0177,Czech Republic vs Croatia (09/10/2025),CZE,CRO,1706.5,1885.5,see wc_backtest_dataset_provenance.txt,3.2,see source_odds in backtest CSV,0.1938029701315167,0.26312125747023457,0.5430757723982487,0.1938029701315167,0.26312125747023457,0.5430757723982487,,,,0.0,D,Brier_contrib=0.8755
backtest,FD_09102025_0183,Scotland vs Greece (09/10/2025),SCO,GRE,1764.3,1734.7,see wc_backtest_dataset_provenance.txt,2.75,see source_odds in backtest CSV,0.37442944722388577,0.3098011856017468,0.3157693671743674,0.37442944722388577,0.3098011856017468,0.3157693671743674,,,,0.0,A,Brier_contrib=0.5870
backtest,FD_10102025_0157,Iceland vs Ukraine (10/10/2025),ISL,UKR,1757.1,1816.0,see wc_backtest_dataset_provenance.txt,3.15,see source_odds in backtest CSV,0.2912899048761338,0.29984933311796913,0.408860762005897,0.2912899048761338,0.29984933311796913,0.408860762005897,,,,0.0,B,Brier_contrib=0.5242
backtest,FD_10102025_0169,Sweden vs Switzerland (10/10/2025),SWE,SUI,1712.0,1891.0,see wc_backtest_dataset_provenance.txt,2.43,see source_odds in backtest CSV,0.1938029701315167,0.26312125747023457,0.5430757723982487,0.1938029701315167,0.26312125747023457,0.5430757723982487,,,,0.0,B,Brier_contrib=0.3156
backtest,FD_11102025_0147,Portugal vs Ireland (11/10/2025),POR,IRL,1992.5,1720.0,see wc_backtest_dataset_provenance.txt,1.13,see source_odds in backtest CSV,0.6278267748652463,0.2413786193997816,0.13079460573497212,0.6278267748652463,0.2413786193997816,0.13079460573497212,,,,0.0,A,Brier_contrib=0.2139
backtest,FD_12102025_0127,Denmark vs Greece (12/10/2025),DEN,GRE,1921.0,1725.5,see wc_backtest_dataset_provenance.txt,1.68,see source_odds in backtest CSV,0.559593873023109,0.2588031553386926,0.18160297163819844,0.559593873023109,0.2588031553386926,0.18160297163819844,,,,0.0,A,Brier_contrib=0.2939
backtest,FD_12102025_0134,Netherlands vs Finland (12/10/2025),NED,FIN,1943.7,1683.6,see wc_backtest_dataset_provenance.txt,1.11,see source_odds in backtest CSV,0.6178743350227947,0.24388043475879853,0.13824523021840687,0.6178743350227947,0.24388043475879853,0.13824523021840687,,,,0.0,A,Brier_contrib=0.2246
backtest,FD_13102025_0111,Iceland vs France (13/10/2025),ISL,FRA,1748.8,2069.9,see wc_backtest_dataset_provenance.txt,9.87,see source_odds in backtest CSV,0.1044056618610836,0.2326546023789873,0.6629397357599291,0.1044056618610836,0.2326546023789873,0.6629397357599291,,,,0.0,D,Brier_contrib=1.0392
backtest,FD_13102025_0123,Wales vs Belgium (13/10/2025),WAL,BEL,1773.2,1900.8,see wc_backtest_dataset_provenance.txt,4.89,see source_odds in backtest CSV,0.2341363293224807,0.277808626802944,0.48805504387457527,0.2341363293224807,0.277808626802944,0.48805504387457527,,,,0.0,B,Brier_contrib=0.3941
backtest,FD_14102025_0099,Portugal vs Hungary (14/10/2025),POR,HUN,1996.0,1716.5,see wc_backtest_dataset_provenance.txt,1.21,see source_odds in backtest CSV,0.6332657792886284,0.24001688880829275,0.12671733190307888,0.6332657792886284,0.24001688880829275,0.12671733190307888,,,,0.0,D,Brier_contrib=0.9947
backtest,FD_14102025_0101,Saudi Arabia vs Iraq (14/10/2025),KSA,IRQ,1586.1,1611.3,see wc_backtest_dataset_provenance.txt,1.54,see source_odds in backtest CSV,0.31941219351500405,0.31131145925686793,0.369276347228128,0.31941219351500405,0.31131145925686793,0.369276347228128,,,,0.0,D,Brier_contrib=0.7127
backtest,FD_13112025_0073,England vs Serbia (13/11/2025),ENG,SRB,2027.9,1776.1,see wc_backtest_dataset_provenance.txt,1.28,see source_odds in backtest CSV,0.6109861804516364,0.24561968494846592,0.1433941345998976,0.6109861804516364,0.24561968494846592,0.1433941345998976,,,,0.0,A,Brier_contrib=0.2322
backtest,FD_13112025_0074,France vs Ukraine (13/11/2025),FRA,UKR,2062.6,1824.4,see wc_backtest_dataset_provenance.txt,1.14,see source_odds in backtest CSV,0.5993096230387179,0.2485826588581066,0.15210771810317547,0.5993096230387179,0.2485826588581066,0.15210771810317547,,,,0.0,A,Brier_contrib=0.2455
backtest,FD_13112025_0075,Ireland vs Portugal (13/11/2025),IRL,POR,1716.6,1989.3,see wc_backtest_dataset_provenance.txt,8.5,see source_odds in backtest CSV,0.13067682034421035,0.24133920883738977,0.6279839708183999,0.13067682034421035,0.24133920883738977,0.6279839708183999,,,,0.0,A,Brier_contrib=1.2083
backtest,FD_14112025_0066,Poland vs Netherlands (14/11/2025),POL,NED,1816.6,1947.4,see wc_backtest_dataset_provenance.txt,4.52,see source_odds in backtest CSV,0.23154025899855654,0.27684316835266126,0.49161657264878217,0.23154025899855654,0.27684316835266126,0.49161657264878217,,,,0.0,D,Brier_contrib=0.8183
backtest,FD_15112025_0052,Greece vs Scotland (15/11/2025),GRE,SCO,1720.6,1773.5,see wc_backtest_dataset_provenance.txt,2.2,see source_odds in backtest CSV,0.29632431432407724,0.30186888025195785,0.40180680542396496,0.29632431432407724,0.30186888025195785,0.40180680542396496,,,,0.0,A,Brier_contrib=0.7477
backtest,FD_15112025_0056,Switzerland vs Sweden (15/11/2025),SUI,SWE,1896.3,1706.7,see wc_backtest_dataset_provenance.txt,1.51,see source_odds in backtest CSV,0.5537584615563221,0.26032399369390913,0.18591754474976868,0.5537584615563221,0.26032399369390913,0.18591754474976868,,,,0.0,A,Brier_contrib=0.3015
backtest,FD_16112025_0041,Hungary vs Ireland (16/11/2025),HUN,IRL,1723.2,1733.1,see wc_backtest_dataset_provenance.txt,2.02,see source_odds in backtest CSV,0.33197501148198794,0.31658158626454264,0.3514434022534694,0.33197501148198794,0.31658158626454264,0.3514434022534694,,,,0.0,B,Brier_contrib=0.6311
backtest,FD_16112025_0043,Italy vs Norway (16/11/2025),ITA,NOR,1968.1,1925.9,see wc_backtest_dataset_provenance.txt,2.14,see source_odds in backtest CSV,0.38922356473671094,0.30549589201455357,0.30528054324873544,0.38922356473671094,0.30549589201455357,0.30528054324873544,,,,0.0,B,Brier_contrib=0.7275
backtest,FD_16112025_0047,Ukraine vs Iceland (16/11/2025),UKR,ISL,1820.3,1756.0,see wc_backtest_dataset_provenance.txt,1.95,see source_odds in backtest CSV,0.41520338254862604,0.2980416942259932,0.2867549232253808,0.41520338254862604,0.2980416942259932,0.2867549232253808,,,,0.0,A,Brier_contrib=0.5130
backtest,FD_18112025_0022,Austria vs Bosnia & Herzegovina (18/11/2025),AUT,BIH,1834.1,1590.9,see wc_backtest_dataset_provenance.txt,1.32,see source_odds in backtest CSV,0.6036584968900085,0.24747694315133995,0.14886455995865158,0.6036584968900085,0.24747694315133995,0.14886455995865158,,,,0.0,D,Brier_contrib=0.9529
backtest,FD_18112025_0029,Scotland vs Denmark (18/11/2025),SCO,DEN,1761.9,1925.9,see wc_backtest_dataset_provenance.txt,3.51,see source_odds in backtest CSV,0.20523790806716688,0.26721943857268354,0.5275426533601495,0.20523790806716688,0.26721943857268354,0.5275426533601495,,,,0.0,A,Brier_contrib=0.9814
backtest,FD_18112025_0030,Spain vs Turkey (18/11/2025),ESP,TUR,2160.9,1907.1,see wc_backtest_dataset_provenance.txt,1.18,see source_odds in backtest CSV,0.6126625385485343,0.24519582009880303,0.14214164135266272,0.6126625385485343,0.24519582009880303,0.14214164135266272,,,,0.0,D,Brier_contrib=0.9653
backtest,FD_26032026_0008,Czech Republic vs Ireland (26/03/2026),CZE,IRL,1711.2,1742.8,see wc_backtest_dataset_provenance.txt,1.96,see source_odds in backtest CSV,0.3141097868614778,0.30911574268578,0.37677447045274215,0.3141097868614778,0.30911574268578,0.37677447045274215,,,,0.0,D,Brier_contrib=0.7179
backtest,FD_26032026_0014,Ukraine vs Sweden (26/03/2026),UKR,SWE,1828.5,1701.7,see wc_backtest_dataset_provenance.txt,3.27,see source_odds in backtest CSV,0.4871622506082208,0.27805097562504677,0.2347867737667324,0.4871622506082208,0.27805097562504677,0.2347867737667324,,,,0.0,B,Brier_contrib=0.9002
backtest,FD_26032026_0015,Wales vs Bosnia & Herzegovina (26/03/2026),WAL,BIH,1766.7,1596.9,see wc_backtest_dataset_provenance.txt,1.66,see source_odds in backtest CSV,0.5336047099607686,0.2656156578505544,0.20077963218867706,0.5336047099607686,0.2656156578505544,0.20077963218867706,,,,0.0,D,Brier_contrib=0.8644
backtest,FD_31032026_0001,Bosnia & Herzegovina vs Italy (31/03/2026),BIH,ITA,1601.5,1956.9,see wc_backtest_dataset_provenance.txt,6.86,see source_odds in backtest CSV,0.08843320514156275,0.22747344958241578,0.6840933452760215,0.08843320514156275,0.22747344958241578,0.6840933452760215,,,,0.0,D,Brier_contrib=1.0726
backtest,FD_31032026_0002,Czech Republic vs Denmark (31/03/2026),CZE,DEN,1712.1,1911.5,see wc_backtest_dataset_provenance.txt,3.69,see source_odds in backtest CSV,0.17878123067903132,0.2578121792976371,0.5634065900233316,0.17878123067903132,0.2578121792976371,0.5634065900233316,,,,0.0,D,Brier_contrib=0.9002
backtest,FD_31032026_0005,Sweden vs Poland (31/03/2026),SWE,POL,1715.2,1820.2,see wc_backtest_dataset_provenance.txt,2.08,see source_odds in backtest CSV,0.25270262846346314,0.2847994778418525,0.4624978936946843,0.25270262846346314,0.2847994778418525,0.4624978936946843,,,,0.0,A,Brier_contrib=0.8535
backtest,WC26_000,QAT vs SUI (12/06/2026),QAT,SUI,1421.0,1891.0,see wc_backtest_dataset_provenance.txt,4.5,see source_odds in backtest CSV,0.04917598620567517,0.21503537394893288,0.7357886398453919,0.04917598620567517,0.21503537394893288,0.7357886398453919,,,,0.0,D,Brier_contrib=1.1600
backtest,WC26_001,USA vs PAR (12/06/2026),USA,PAR,1726.0,1834.0,see wc_backtest_dataset_provenance.txt,1.85,see source_odds in backtest CSV,0.25021778740780737,0.2838548892958706,0.4659273232963221,0.25021778740780737,0.2838548892958706,0.4659273232963221,,,,0.0,A,Brier_contrib=0.8598
backtest,WC26_002,BRA vs MAR (12/06/2026),BRA,MAR,1991.0,1827.0,see wc_backtest_dataset_provenance.txt,1.45,see source_odds in backtest CSV,0.5275426533601495,0.26721943857268354,0.20523790806716694,0.5275426533601495,0.26721943857268354,0.20523790806716694,,,,0.0,D,Brier_contrib=0.8574
backtest,WC26_003,AUS vs TUR (13/06/2026),AUS,TUR,1777.0,1911.0,see wc_backtest_dataset_provenance.txt,5.35,see source_odds in backtest CSV,0.22895363908425312,0.2758840845935219,0.4951622763222249,0.22895363908425312,0.2758840845935219,0.4951622763222249,,,,0.0,A,Brier_contrib=0.9158
backtest,WC26_004,CIV vs ECU (13/06/2026),CIV,ECU,1695.0,1890.0,see wc_backtest_dataset_provenance.txt,3.8,see source_odds in backtest CSV,0.18196649024180372,0.2589310299338753,0.5591024798243209,0.18196649024180372,0.2589310299338753,0.5591024798243209,,,,0.0,A,Brier_contrib=1.0488
backtest,WC26_005,NED vs JPN (13/06/2026),NED,JPN,1944.0,1906.0,see wc_backtest_dataset_provenance.txt,2.15,see source_odds in backtest CSV,0.38428755826685596,0.3069273502347978,0.30878509149834626,0.38428755826685596,0.3069273502347978,0.30878509149834626,,,,0.0,D,Brier_contrib=0.7234
backtest,WC26_006,SWE vs TUN (13/06/2026),SWE,TUN,1712.0,1628.0,see wc_backtest_dataset_provenance.txt,1.4,see source_odds in backtest CSV,0.4382422242340148,0.29153981069863266,0.2702179650673525,0.4382422242340148,0.29153981069863266,0.2702179650673525,,,,0.0,A,Brier_contrib=0.4736
backtest,WC26_007,ESP vs CPV (15/06/2026),ESP,CPV,2157.0,1578.0,see wc_backtest_dataset_provenance.txt,1.19,see source_odds in backtest CSV,0.6919845931727954,0.27949889341719625,0.02851651341000839,0.6919845931727954,0.27949889341719625,0.02851651341000839,,,,0.0,D,Brier_contrib=0.9988
backtest,WC26_008,BEL vs EGY (15/06/2026),BEL,EGY,1894.0,1696.0,see wc_backtest_dataset_provenance.txt,1.67,see source_odds in backtest CSV,0.5090073043111323,0.3281665980330596,0.1628260976558082,0.5090073043111323,0.3281665980330596,0.1628260976558082,,,,0.0,D,Brier_contrib=0.7370
backtest,WC2026_MD4_001,Spain vs Cape Verde (15/06/2026),ESP,CPV,2157.0,1578.0,see wc_backtest_dataset_provenance.txt,1.19,see source_odds in backtest CSV,0.6919845931727954,0.27949889341719625,0.02851651341000839,0.6919845931727954,0.27949889341719625,0.02851651341000839,,,,0.0,D,Brier_contrib=0.9988
backtest,WC2026_MD4_002,Belgium vs Egypt (15/06/2026),BEL,EGY,1894.0,1696.0,see wc_backtest_dataset_provenance.txt,1.62,see source_odds in backtest CSV,0.5090073043111323,0.3281665980330596,0.1628260976558082,0.5090073043111323,0.3281665980330596,0.1628260976558082,,,,0.0,D,Brier_contrib=0.7370
backtest,WC2026_MD4_003,France vs Senegal (16/06/2026),FRA,SEN,2063.0,1860.0,see wc_backtest_dataset_provenance.txt,1.5,see source_odds in backtest CSV,0.5668940273330259,0.256907604726739,0.1761983679402351,0.5668940273330259,0.256907604726739,0.1761983679402351,,,,0.0,A,Brier_contrib=0.2846
backtest,WC2026_MD4_004,Iraq vs Norway (16/06/2026),IRQ,NOR,1607.0,1914.0,see wc_backtest_dataset_provenance.txt,17.5,see source_odds in backtest CSV,0.11160141176442646,0.23501279313305015,0.6533857951025234,0.11160141176442646,0.23501279313305015,0.6533857951025234,,,,0.0,B,Brier_contrib=0.1878
backtest,WC2026_MD4_005,Argentina vs Algeria (16/06/2026),ARG,ALG,2115.0,1772.0,see wc_backtest_dataset_provenance.txt,1.41,see source_odds in backtest CSV,0.6767805641174168,0.22925838225377704,0.09396105362880618,0.6767805641174168,0.22925838225377704,0.09396105362880618,,,,0.0,A,Brier_contrib=0.1659
backtest,WC2026_MD4_006,Austria vs Jordan (16/06/2026),AUT,JOR,1830.0,1680.0,see wc_backtest_dataset_provenance.txt,1.36,see source_odds in backtest CSV,0.4633987628473714,0.34118759916676117,0.19541363798586736,0.4633987628473714,0.34118759916676117,0.19541363798586736,,,,0.0,D,Brier_contrib=0.6870
